id,parentId,iNaturalistTaxonName,commonName,rank,iNaturalistTaxonImage
48460,,Life,life,stateofmatter,https://inaturalist-open-data.s3.amazonaws.com/photos/347064198/medium.jpeg
47126,48460,Plantae,plants,kingdom,https://static.inaturalist.org/photos/221143410/medium.jpeg
211194,47126,Tracheophyta,vascular plants,phylum,https://inaturalist-open-data.s3.amazonaws.com/photos/78650848/medium.jpeg
47125,211194,Angiospermae,flowering plants,subphylum,https://inaturalist-open-data.s3.amazonaws.com/photos/6943609/medium.jpg
47623,211194,Lycopodiopsida,lycophytes,class,https://inaturalist-open-data.s3.amazonaws.com/photos/6124489/medium.jpeg
121943,211194,Polypodiopsida,ferns,class,https://inaturalist-open-data.s3.amazonaws.com/photos/97935359/medium.jpeg
136329,211194,Pinopsida,conifers,class,https://inaturalist-open-data.s3.amazonaws.com/photos/8663614/medium.jpg
47124,47125,Magnoliopsida,dicots,class,https://static.inaturalist.org/photos/10307058/medium.jpg
47163,47125,Liliopsida,monocots,class,https://inaturalist-open-data.s3.amazonaws.com/photos/274224/medium.jpg
47375,136329,Pinales,conifers,order,https://inaturalist-open-data.s3.amazonaws.com/photos/170033792/medium.jpg
58769,47623,Selaginellales,spikemosses,order,https://inaturalist-open-data.s3.amazonaws.com/photos/1910623/medium.jpg
47123,47124,Fabales,"legumes, milkworts, and allies",order,https://inaturalist-open-data.s3.amazonaws.com/photos/73034071/medium.jpg
47132,47124,Rosales,"roses, elms, figs, and allies",order,https://inaturalist-open-data.s3.amazonaws.com/photos/11763754/medium.jpg
47162,47163,Poales,"grasses, sedges, cattails, and allies",order,https://inaturalist-open-data.s3.amazonaws.com/photos/54589881/medium.jpg
47181,47124,Ericales,"heathers, balsams, primroses, and allies",order,https://inaturalist-open-data.s3.amazonaws.com/photos/121441132/medium.jpeg
47218,47163,Asparagales,"agaves, orchids, irises, and allies",order,https://inaturalist-open-data.s3.amazonaws.com/photos/112879715/medium.jpg
47329,47163,Liliales,"lilies, supplejacks, and allies",order,https://static.inaturalist.org/photos/33994968/medium.jpeg
47363,47124,Gentianales,"gentians, dogbanes, madders, and allies",order,https://inaturalist-open-data.s3.amazonaws.com/photos/6232/medium.jpg
47366,47124,Caryophyllales,"pinks, cactuses, and allies",order,https://inaturalist-open-data.s3.amazonaws.com/photos/74999656/medium.jpg
47374,47375,Cupressaceae,cypress family,family,https://inaturalist-open-data.s3.amazonaws.com/photos/164349061/medium.jpg
47540,47124,Celastrales,staff-vines and allies,order,https://inaturalist-open-data.s3.amazonaws.com/photos/31231998/medium.jpg
47556,47375,Taxaceae,yew family,family,https://inaturalist-open-data.s3.amazonaws.com/photos/12117252/medium.jpeg
47562,47375,Pinaceae,pine family,family,https://inaturalist-open-data.s3.amazonaws.com/photos/275129245/medium.jpg
47605,47124,Asterales,"sunflowers, bellflowers, fanflowers, and allies",order,https://inaturalist-open-data.s3.amazonaws.com/photos/13529909/medium.jpg
47690,47124,Geraniales,"geraniums, bridal wreaths, and allies",order,https://inaturalist-open-data.s3.amazonaws.com/photos/208209960/medium.jpeg
47729,47124,Sapindales,"soapberries, cashews, mahoganies, and allies",order,https://inaturalist-open-data.s3.amazonaws.com/photos/54896742/medium.jpg
47748,121943,Equisetales,horsetails,order,https://inaturalist-open-data.s3.amazonaws.com/photos/20163/medium.jpg
47754,121943,Polypodiales,,order,https://inaturalist-open-data.s3.amazonaws.com/photos/76066835/medium.jpg
47791,47124,Myrtales,"myrtles, evening primroses, and allies",order,https://static.inaturalist.org/photos/42561347/medium.jpeg
47853,47124,Fagales,"beeches, oaks, walnuts, and allies",order,https://inaturalist-open-data.s3.amazonaws.com/photos/2305595/medium.JPG
48073,47163,Alismatales,"Aroids, Water-Plantains, Seagrass, and allies",order,https://static.inaturalist.org/photos/107900/medium.jpg
48151,47124,Lamiales,"mints, plantains, olives, and allies",order,https://inaturalist-open-data.s3.amazonaws.com/photos/31256836/medium.jpg
48232,47124,Ranunculales,"buttercups, poppies, and allies",order,https://inaturalist-open-data.s3.amazonaws.com/photos/10459/medium.jpg
48526,47124,Dipsacales,"honeysuckles, moschatels, and allies",order,https://inaturalist-open-data.s3.amazonaws.com/photos/5417/medium.jpg
48700,47124,Apiales,"carrots, ivies, and allies",order,https://static.inaturalist.org/photos/39794882/medium.jpeg
48796,47124,Malvales,"mallows, rock-roses, and allies",order,https://static.inaturalist.org/photos/3035871/medium.JPG
51820,47124,Malpighiales,"nances, willows, and allies",order,https://inaturalist-open-data.s3.amazonaws.com/photos/57932018/medium.jpg
58770,58769,Selaginellaceae,spikemoss family,family,https://inaturalist-open-data.s3.amazonaws.com/photos/1910623/medium.jpg
71272,47124,Aquifoliales,hollies and allies,order,https://inaturalist-open-data.s3.amazonaws.com/photos/236523238/medium.jpeg
71275,47124,Brassicales,"mustards, capers, and allies",order,https://inaturalist-open-data.s3.amazonaws.com/photos/128540743/medium.jpg
71289,47124,Saxifragales,"saxifrages, stonecrops, and allies",order,https://inaturalist-open-data.s3.amazonaws.com/photos/1539441/medium.jpg
523723,47124,Boraginales,borages,order,https://inaturalist-open-data.s3.amazonaws.com/photos/66417631/medium.jpeg
47122,47123,Fabaceae,legumes,family,https://static.inaturalist.org/photos/73592940/medium.jpg
47131,71289,Grossulariaceae,Gooseberry Family,family,https://inaturalist-open-data.s3.amazonaws.com/photos/50463241/medium.jpg
47148,47132,Rosaceae,rose family,family,https://inaturalist-open-data.s3.amazonaws.com/photos/2066379/medium.JPG
47161,47162,Cyperaceae,sedges,family,https://inaturalist-open-data.s3.amazonaws.com/photos/297489762/medium.jpg
47204,71275,Brassicaceae,mustard family,family,https://inaturalist-open-data.s3.amazonaws.com/photos/17880512/medium.jpg
47217,47218,Orchidaceae,orchids,family,https://inaturalist-open-data.s3.amazonaws.com/photos/108347006/medium.jpeg
47322,48151,Orobanchaceae,broomrape family,family,https://inaturalist-open-data.s3.amazonaws.com/photos/218490138/medium.jpeg
47328,47329,Liliaceae,lilies,family,https://inaturalist-open-data.s3.amazonaws.com/photos/4233595/medium.jpg
47434,47162,Poaceae,grasses,family,https://inaturalist-open-data.s3.amazonaws.com/photos/103778669/medium.jpg
47539,47540,Celastraceae,staff-vine family,family,https://inaturalist-open-data.s3.amazonaws.com/photos/244246545/medium.jpg
47555,47556,Taxus,yews,genus,https://inaturalist-open-data.s3.amazonaws.com/photos/8502/medium.jpg
47567,51820,Salicaceae,willow family,family,https://inaturalist-open-data.s3.amazonaws.com/photos/79452056/medium.jpeg
47599,47218,Asparagaceae,agave and allies,family,https://inaturalist-open-data.s3.amazonaws.com/photos/3721262/medium.JPG
47604,47605,Asteraceae,"sunflowers, daisies, asters, and allies",family,https://inaturalist-open-data.s3.amazonaws.com/photos/72961012/medium.jpg
47689,47690,Geraniaceae,Geranium family,family,https://static.inaturalist.org/photos/21874983/medium.jpeg
47693,47363,Rubiaceae,madder family,family,https://inaturalist-open-data.s3.amazonaws.com/photos/217150548/medium.jpeg
47747,47748,Equisetaceae,horsetail family,family,https://inaturalist-open-data.s3.amazonaws.com/photos/50758026/medium.jpg
47790,47791,Onagraceae,evening primrose family,family,https://inaturalist-open-data.s3.amazonaws.com/photos/16678238/medium.jpg
47852,47853,Fagaceae,beech family,family,https://inaturalist-open-data.s3.amazonaws.com/photos/9429093/medium.jpg
48064,47181,Primulaceae,primroses,family,https://inaturalist-open-data.s3.amazonaws.com/photos/15229725/medium.jpeg
48150,523723,Boraginaceae,borage family,family,https://inaturalist-open-data.s3.amazonaws.com/photos/31342774/medium.jpg
48231,48232,Ranunculaceae,buttercup family,family,https://inaturalist-open-data.s3.amazonaws.com/photos/3063606/medium.jpg
48382,47366,Polygonaceae,knotweed family,family,https://inaturalist-open-data.s3.amazonaws.com/photos/6818849/medium.jpg
48386,71289,Saxifragaceae,saxifrage family,family,https://inaturalist-open-data.s3.amazonaws.com/photos/32017311/medium.jpeg
48527,48526,Caprifoliaceae,honeysuckle family,family,https://inaturalist-open-data.s3.amazonaws.com/photos/29884886/medium.jpg
48536,48073,Araceae,arum family,family,https://inaturalist-open-data.s3.amazonaws.com/photos/5700/medium.jpg
48567,47366,Caryophyllaceae,pink family,family,https://inaturalist-open-data.s3.amazonaws.com/photos/50002751/medium.jpg
48623,48151,Lamiaceae,mint family,family,https://static.inaturalist.org/photos/72305606/medium.jpg
48699,48700,Apiaceae,carrot family,family,https://inaturalist-open-data.s3.amazonaws.com/photos/8872/medium.jpg
48797,48796,Malvaceae,Mallow and Hibiscus Family,family,https://inaturalist-open-data.s3.amazonaws.com/photos/7334/medium.jpg
49155,47853,Betulaceae,birch family,family,https://static.inaturalist.org/photos/8119202/medium.jpg
49289,48232,Berberidaceae,barberry family,family,https://inaturalist-open-data.s3.amazonaws.com/photos/14991/medium.jpg
49464,47329,Melanthiaceae,bunchflowers,family,https://inaturalist-open-data.s3.amazonaws.com/photos/129437915/medium.jpg
50313,48796,Thymelaeaceae,Stringbarks,family,https://inaturalist-open-data.s3.amazonaws.com/photos/11609675/medium.jpg
50638,48151,Plantaginaceae,plantain family,family,https://inaturalist-open-data.s3.amazonaws.com/photos/11147978/medium.jpg
50828,51820,Violaceae,violet family,family,https://inaturalist-open-data.s3.amazonaws.com/photos/19508334/medium.jpeg
51885,47132,Urticaceae,nettle family,family,https://inaturalist-open-data.s3.amazonaws.com/photos/60191852/medium.jpeg
51890,71289,Crassulaceae,stonecrop family,family,https://inaturalist-open-data.s3.amazonaws.com/photos/26707624/medium.jpg
52327,47366,Amaranthaceae,amaranths,family,https://inaturalist-open-data.s3.amazonaws.com/photos/34572/medium.jpg
52615,48073,Zosteraceae,Seagrasses,family,https://inaturalist-open-data.s3.amazonaws.com/photos/170768896/medium.jpg
52642,47162,Juncaceae,Rushes and Allies,family,https://inaturalist-open-data.s3.amazonaws.com/photos/306524062/medium.jpg
53855,71272,Aquifoliaceae,holly family,family,https://static.inaturalist.org/photos/240827687/medium.jpg
55849,47218,Amaryllidaceae,"amaryllis, onions, and allies",family,https://inaturalist-open-data.s3.amazonaws.com/photos/9537450/medium.jpeg
58321,47729,Sapindaceae,soapberry family,family,https://inaturalist-open-data.s3.amazonaws.com/photos/27342760/medium.jpeg
58771,58770,Selaginella,spikemosses,genus,https://inaturalist-open-data.s3.amazonaws.com/photos/20479/medium.jpg
64552,48151,Phrymaceae,lopseed family,family,https://inaturalist-open-data.s3.amazonaws.com/photos/177471315/medium.jpg
71417,47366,Montiaceae,Pussypaw Family,family,https://inaturalist-open-data.s3.amazonaws.com/photos/853/medium.jpg
133387,47181,Ericaceae,heath family,family,https://static.inaturalist.org/photos/27053770/medium.jpg
781703,48526,Viburnaceae,elder family,family,https://static.inaturalist.org/photos/2419980/medium.jpg
47130,47131,Ribes,currants and gooseberries,genus,https://inaturalist-open-data.s3.amazonaws.com/photos/117502191/medium.jpeg
47688,47689,Erodium,stork's-bills,genus,https://inaturalist-open-data.s3.amazonaws.com/photos/66772719/medium.jpeg
47701,47689,Geranium,geraniums and cranesbills,genus,https://inaturalist-open-data.s3.amazonaws.com/photos/49517684/medium.jpg
47727,58321,Acer,maples,genus,https://inaturalist-open-data.s3.amazonaws.com/photos/99147747/medium.jpg
47746,47747,Equisetum,horsetails,genus,https://inaturalist-open-data.s3.amazonaws.com/photos/67590226/medium.jpg
47753,47754,Dryopteridaceae,shieldfern family,family,https://static.inaturalist.org/photos/161285165/medium.jpg
47851,47852,Quercus,oaks,genus,https://inaturalist-open-data.s3.amazonaws.com/photos/96348060/medium.jpg
48253,47374,Thuja,arborvitaes,genus,https://inaturalist-open-data.s3.amazonaws.com/photos/10015447/medium.jpg
48257,47562,Pseudotsuga,Douglas-firs,genus,https://inaturalist-open-data.s3.amazonaws.com/photos/11770154/medium.jpeg
48434,47754,Blechnaceae,Chain Fern Family,family,https://inaturalist-open-data.s3.amazonaws.com/photos/190348520/medium.jpg
48437,47754,Pteridaceae,brake family,family,https://inaturalist-open-data.s3.amazonaws.com/photos/8305/medium.jpg
48790,71417,Montia,Montias,genus,https://inaturalist-open-data.s3.amazonaws.com/photos/354073635/medium.jpg
50829,50828,Viola,violets,genus,https://inaturalist-open-data.s3.amazonaws.com/photos/11654351/medium.jpeg
51886,51885,Urtica,nettles,genus,https://inaturalist-open-data.s3.amazonaws.com/photos/202182474/medium.jpeg
52616,52615,Zostera,Eelgrasses,genus,https://inaturalist-open-data.s3.amazonaws.com/photos/35524456/medium.jpg
52679,47754,Polypodiaceae,polypody family,family,https://inaturalist-open-data.s3.amazonaws.com/photos/8304/medium.jpg
52682,47754,Dennstaedtiaceae,bracken family,family,https://inaturalist-open-data.s3.amazonaws.com/photos/143677347/medium.jpeg
52689,781703,Sambucus,elders,genus,https://inaturalist-open-data.s3.amazonaws.com/photos/39056940/medium.jpeg
52972,47790,Epilobium,willowherbs,genus,https://inaturalist-open-data.s3.amazonaws.com/photos/16455/medium.jpg
52995,71417,Claytonia,spring beauties,genus,https://inaturalist-open-data.s3.amazonaws.com/photos/8870/medium.jpg
53352,49155,Alnus,alders,genus,https://inaturalist-open-data.s3.amazonaws.com/photos/111091510/medium.jpg
53373,49155,Corylus,hazels,genus,https://static.inaturalist.org/photos/138077371/medium.jpeg
53453,47567,Salix,Willows,genus,https://inaturalist-open-data.s3.amazonaws.com/photos/79451981/medium.jpeg
53854,53855,Ilex,hollies,genus,https://inaturalist-open-data.s3.amazonaws.com/photos/84984390/medium.jpg
54262,47562,Abies,firs,genus,https://inaturalist-open-data.s3.amazonaws.com/photos/108627343/medium.jpeg
55209,47555,Taxus brevifolia,Pacific yew,species,https://inaturalist-open-data.s3.amazonaws.com/photos/99338130/medium.jpeg
55796,52642,Luzula,woodrushes,genus,https://inaturalist-open-data.s3.amazonaws.com/photos/9663/medium.jpg
61316,50313,Daphne,Daphnes,genus,https://inaturalist-open-data.s3.amazonaws.com/photos/55518212/medium.jpg
63875,58771,Selaginella wallacei,Wallace's spikemoss,species,https://inaturalist-open-data.s3.amazonaws.com/photos/57806759/medium.jpg
63963,47539,Paxistima,Mountain-Lovers,genus,https://inaturalist-open-data.s3.amazonaws.com/photos/48990/medium.jpg
64662,47754,Aspleniaceae,spleenwort family,family,https://static.inaturalist.org/photos/92877566/medium.jpeg
319976,64552,Erythranthe,monkeyflowers,genus,https://inaturalist-open-data.s3.amazonaws.com/photos/72061328/medium.jpeg
332930,47754,Athyriaceae,Ladyferns and allies,family,https://inaturalist-open-data.s3.amazonaws.com/photos/506259/medium.jpg
47179,133387,Arctostaphylos,bearberries and manzanitas,genus,https://inaturalist-open-data.s3.amazonaws.com/photos/22868101/medium.jpeg
48063,48064,Lysimachia,Loosestrifes,genus,https://inaturalist-open-data.s3.amazonaws.com/photos/17942996/medium.jpeg
48252,48253,Thuja plicata,western redcedar,species,https://inaturalist-open-data.s3.amazonaws.com/photos/7846522/medium.jpeg
48385,48386,Heuchera,alumroots,genus,https://inaturalist-open-data.s3.amazonaws.com/photos/7665173/medium.jpg
48528,48527,Symphoricarpos,snowberries,genus,https://inaturalist-open-data.s3.amazonaws.com/photos/44050/medium.jpg
48729,48536,Lysichiton,skunk cabbages,genus,https://static.inaturalist.org/photos/270505564/medium.jpg
49340,47322,Castilleja,Paintbrushes,genus,https://static.inaturalist.org/photos/342511568/medium.jpg
49389,48567,Stellaria,chickweeds,genus,https://inaturalist-open-data.s3.amazonaws.com/photos/236995747/medium.jpg
49650,49464,Toxicoscordion,Deathcamas,genus,https://inaturalist-open-data.s3.amazonaws.com/photos/1832/medium.jpg
50636,50638,Plantago,plantains,genus,https://inaturalist-open-data.s3.amazonaws.com/photos/31254943/medium.jpg
50651,48150,Nemophila,baby blue eyes and allies,genus,https://inaturalist-open-data.s3.amazonaws.com/photos/4795045/medium.jpg
50853,48567,Cerastium,Mouse-ear Chickweeds,genus,https://inaturalist-open-data.s3.amazonaws.com/photos/46801074/medium.jpeg
51047,133387,Arbutus,madrones,genus,https://inaturalist-open-data.s3.amazonaws.com/photos/335168998/medium.jpg
51086,47599,Triteleia,triplet lilies,genus,https://inaturalist-open-data.s3.amazonaws.com/photos/200077190/medium.jpg
51611,50638,Veronica,speedwells,genus,https://static.inaturalist.org/photos/379019197/medium.jpeg
51656,48386,Tellima,,genus,https://inaturalist-open-data.s3.amazonaws.com/photos/6256/medium.jpg
51753,47599,Brodiaea,Brodiaeas,genus,https://inaturalist-open-data.s3.amazonaws.com/photos/11765/medium.jpg
51874,48527,Lonicera,honeysuckles,genus,https://inaturalist-open-data.s3.amazonaws.com/photos/120273217/medium.jpg
52614,52616,Zostera marina,Eelgrass,species,https://inaturalist-open-data.s3.amazonaws.com/photos/179257999/medium.jpg
52670,332930,Athyrium,lady ferns,genus,https://static.inaturalist.org/photos/55216721/medium.jpeg
52683,52682,Pteridium,brackens,genus,https://inaturalist-open-data.s3.amazonaws.com/photos/149174235/medium.jpeg
53435,47130,Ribes sanguineum,Red-flowering Currant,species,https://inaturalist-open-data.s3.amazonaws.com/photos/33825076/medium.jpg
53856,53854,Ilex aquifolium,European holly,species,https://static.inaturalist.org/photos/358989184/medium.jpg
56034,53352,Alnus rubra,Red Alder,species,https://inaturalist-open-data.s3.amazonaws.com/photos/50900970/medium.jpg
56100,48623,Ajuga,Bugles,genus,https://inaturalist-open-data.s3.amazonaws.com/photos/70480839/medium.jpeg
57150,52972,Epilobium minutum,little willowherb,species,https://inaturalist-open-data.s3.amazonaws.com/photos/1559099/medium.JPG
57285,48527,Plectritis,,genus,https://inaturalist-open-data.s3.amazonaws.com/photos/12437/medium.jpg
61885,48567,Moehringia,Grove sandworts,genus,https://inaturalist-open-data.s3.amazonaws.com/photos/189167962/medium.jpeg
62219,47599,Camassia,camas,genus,https://inaturalist-open-data.s3.amazonaws.com/photos/16966/medium.jpg
63137,48527,Linnaea,twinflowers,genus,https://inaturalist-open-data.s3.amazonaws.com/photos/18376/medium.jpg
63893,63963,Paxistima myrsinites,Oregon Boxwood,species,https://inaturalist-open-data.s3.amazonaws.com/photos/170158626/medium.jpg
71992,64662,Asplenium,Spleenworts,genus,https://inaturalist-open-data.s3.amazonaws.com/photos/93830925/medium.jpeg
72236,48386,Micranthes,Early saxifrages,genus,https://inaturalist-open-data.s3.amazonaws.com/photos/14510/medium.jpg
72427,48536,Wolffia,watermeals,genus,https://inaturalist-open-data.s3.amazonaws.com/photos/61763269/medium.jpeg
78123,48790,Montia parvifolia,Small-leaved Blinks,species,https://static.inaturalist.org/photos/949351/medium.jpg
78858,47130,Ribes lacustre,swamp currant,species,https://static.inaturalist.org/photos/200056455/medium.jpg
127391,61316,Daphne laureola,Spurge-laurel,species,https://static.inaturalist.org/photos/120446955/medium.jpeg
273241,47322,Aphyllon,,genus,https://inaturalist-open-data.s3.amazonaws.com/photos/187928351/medium.jpg
489052,48434,Struthiopteris,,genus,https://static.inaturalist.org/photos/24694544/medium.jpeg
47351,47148,Prunus,"plums, cherries, and allies",genus,https://inaturalist-open-data.s3.amazonaws.com/photos/93584919/medium.jpg
47357,55849,Allium,onions,genus,https://inaturalist-open-data.s3.amazonaws.com/photos/13632/medium.jpg
47544,47148,Rubus,brambles,genus,https://inaturalist-open-data.s3.amazonaws.com/photos/1148035/medium.JPG
47687,47688,Erodium cicutarium,Redstem Stork's-bill,species,https://inaturalist-open-data.s3.amazonaws.com/photos/3044348/medium.jpg
47752,47753,Polystichum,shield ferns,genus,https://inaturalist-open-data.s3.amazonaws.com/photos/887917/medium.jpeg
48227,47727,Acer macrophyllum,bigleaf maple,species,https://inaturalist-open-data.s3.amazonaws.com/photos/105744044/medium.jpeg
48230,48231,Ranunculus,buttercups,genus,https://inaturalist-open-data.s3.amazonaws.com/photos/8922702/medium.jpg
48241,47328,Erythronium,fawn lilies,genus,https://inaturalist-open-data.s3.amazonaws.com/photos/14234311/medium.jpg
48353,133387,Vaccinium,"blueberries, cranberries, and allies",genus,https://inaturalist-open-data.s3.amazonaws.com/photos/56288/medium.jpg
48442,133387,Gaultheria,wintergreens,genus,https://inaturalist-open-data.s3.amazonaws.com/photos/122726974/medium.jpeg
48493,48231,Delphinium,larkspurs,genus,https://inaturalist-open-data.s3.amazonaws.com/photos/13316588/medium.jpg
48537,48729,Lysichiton americanus,western skunk cabbage,species,https://static.inaturalist.org/photos/107900/medium.jpg
48539,47122,Cytisus,brooms,genus,https://inaturalist-open-data.s3.amazonaws.com/photos/1179457/medium.jpg
48571,47161,Carex,true sedges,genus,https://inaturalist-open-data.s3.amazonaws.com/photos/18432491/medium.jpeg
49131,48150,Myosotis,Forget-me-nots,genus,https://inaturalist-open-data.s3.amazonaws.com/photos/70204650/medium.jpg
49230,47148,Amelanchier,serviceberries,genus,https://inaturalist-open-data.s3.amazonaws.com/photos/47463/medium.jpg
49371,47161,Scirpus,Scirpus Bulrushes,genus,https://inaturalist-open-data.s3.amazonaws.com/photos/12835/medium.jpg
50321,47122,Lathyrus,sweet peas and vetchlings,genus,https://inaturalist-open-data.s3.amazonaws.com/photos/91675201/medium.jpg
50619,47328,Fritillaria,Fritillaries,genus,https://inaturalist-open-data.s3.amazonaws.com/photos/6272/medium.jpg
50921,47599,Muscari,Grape hyacinths,genus,https://inaturalist-open-data.s3.amazonaws.com/photos/49812279/medium.jpeg
51046,51047,Arbutus menziesii,Pacific madrone,species,https://inaturalist-open-data.s3.amazonaws.com/photos/9248407/medium.jpeg
51229,48623,Stachys,Hedgenettles,genus,https://inaturalist-open-data.s3.amazonaws.com/photos/45199648/medium.jpeg
51655,51656,Tellima grandiflora,fringe cups,species,https://inaturalist-open-data.s3.amazonaws.com/photos/143999155/medium.jpg
51876,47122,Trifolium,clovers,genus,https://inaturalist-open-data.s3.amazonaws.com/photos/226413420/medium.jpg
52472,47122,Vicia,Vetches,genus,https://inaturalist-open-data.s3.amazonaws.com/photos/51639903/medium.jpg
52617,52327,Salicornia,pickleweeds,genus,https://inaturalist-open-data.s3.amazonaws.com/photos/2774880/medium.JPG
52672,47753,Dryopteris,wood ferns,genus,https://inaturalist-open-data.s3.amazonaws.com/photos/133824012/medium.jpg
52677,48437,Pentagramma,,genus,https://inaturalist-open-data.s3.amazonaws.com/photos/10360182/medium.jpg
52680,52679,Polypodium,polypody ferns,genus,https://static.inaturalist.org/photos/375942266/medium.jpeg
52701,47434,Bromus,bromes,genus,https://inaturalist-open-data.s3.amazonaws.com/photos/11796/medium.jpg
52724,47746,Equisetum arvense,field horsetail,species,https://static.inaturalist.org/photos/72881677/medium.jpg
52803,47434,Melica,melicgrasses,genus,https://inaturalist-open-data.s3.amazonaws.com/photos/20894945/medium.jpeg
52994,52995,Claytonia perfoliata,miner's lettuce,species,https://inaturalist-open-data.s3.amazonaws.com/photos/182808852/medium.jpeg
53050,52972,Epilobium ciliatum,fringed willowherb,species,https://static.inaturalist.org/photos/20242455/medium.jpeg
53060,47693,Galium,bedstraws,genus,https://inaturalist-open-data.s3.amazonaws.com/photos/30968909/medium.jpg
53136,47604,Madia,tarweeds,genus,https://inaturalist-open-data.s3.amazonaws.com/photos/17593/medium.jpg
53141,47604,Anisocarpus,,genus,https://inaturalist-open-data.s3.amazonaws.com/photos/5245/medium.jpg
53196,48382,Rumex,docks and sorrels,genus,https://inaturalist-open-data.s3.amazonaws.com/photos/14989/medium.jpg
53202,48699,Sanicula,sanicles,genus,https://inaturalist-open-data.s3.amazonaws.com/photos/15406/medium.jpg
53368,53373,Corylus cornuta californica,California hazelnut,subspecies,https://inaturalist-open-data.s3.amazonaws.com/photos/295770866/medium.jpg
53415,47148,Holodiscus,,genus,https://inaturalist-open-data.s3.amazonaws.com/photos/5390/medium.jpg
53438,47148,Rosa,roses,genus,https://inaturalist-open-data.s3.amazonaws.com/photos/128386918/medium.jpeg
54604,48623,Marrubium,Horehounds,genus,https://inaturalist-open-data.s3.amazonaws.com/photos/10810/medium.jpg
55460,48623,Lamium,deadnettles and archangels,genus,https://static.inaturalist.org/photos/138606452/medium.jpeg
55735,51890,Sedum,stonecrops,genus,https://inaturalist-open-data.s3.amazonaws.com/photos/137304118/medium.jpeg
55751,47148,Geum,avens,genus,https://static.inaturalist.org/photos/28198687/medium.jpg
55767,52995,Claytonia sibirica,Candy Flower,species,https://inaturalist-open-data.s3.amazonaws.com/photos/12326504/medium.jpg
55978,48797,Malva,Mallows,genus,https://inaturalist-open-data.s3.amazonaws.com/photos/7691700/medium.jpg
56099,56100,Ajuga reptans,carpet bugle,species,https://inaturalist-open-data.s3.amazonaws.com/photos/28863996/medium.jpeg
56855,47604,Adenocaulon,trailplants,genus,https://inaturalist-open-data.s3.amazonaws.com/photos/46132350/medium.jpg
57022,47161,Eleocharis,spikerushes,genus,https://inaturalist-open-data.s3.amazonaws.com/photos/33564882/medium.jpeg
57126,51753,Brodiaea coronaria,crown brodiaea,species,https://inaturalist-open-data.s3.amazonaws.com/photos/96888150/medium.jpeg
57132,51086,Triteleia hyacinthina,white brodiaea,species,https://inaturalist-open-data.s3.amazonaws.com/photos/11771/medium.jpg
57166,47434,Danthonia,Oatgrasses,genus,https://inaturalist-open-data.s3.amazonaws.com/photos/11803/medium.jpg
57353,50651,Nemophila parviflora,small-flowered nemophila,species,https://inaturalist-open-data.s3.amazonaws.com/photos/16167374/medium.jpg
58112,52327,Atriplex,Saltbushes,genus,https://inaturalist-open-data.s3.amazonaws.com/photos/23926689/medium.jpg
58736,47148,Pyrus,pears,genus,https://inaturalist-open-data.s3.amazonaws.com/photos/19086/medium.jpg
59087,49650,Toxicoscordion venenosum,Meadow Deathcamas,species,https://inaturalist-open-data.s3.amazonaws.com/photos/39521164/medium.jpeg
60128,48699,Oenanthe,Water-dropworts,genus,https://inaturalist-open-data.s3.amazonaws.com/photos/28810031/medium.jpg
61884,61885,Moehringia macrophylla,Largeleaf Sandwort,species,https://inaturalist-open-data.s3.amazonaws.com/photos/16342/medium.jpg
63690,54262,Abies grandis,grand fir,species,https://inaturalist-open-data.s3.amazonaws.com/photos/83838154/medium.jpeg
63910,48257,Pseudotsuga menziesii menziesii,Coast Douglas-fir,variety,https://inaturalist-open-data.s3.amazonaws.com/photos/641410/medium.jpg
64336,47122,Acmispon,deervetch,genus,https://static.inaturalist.org/photos/699816/medium.jpg
68049,47179,Arctostaphylos uva-ursi,bearberry,species,https://static.inaturalist.org/photos/181302737/medium.jpeg
79201,49389,Stellaria crispa,Crisp Starwort,species,https://inaturalist-open-data.s3.amazonaws.com/photos/148626165/medium.jpeg
79528,72427,Wolffia columbiana,Columbian Watermeal,species,https://inaturalist-open-data.s3.amazonaws.com/photos/28423169/medium.jpg
128204,49340,Castilleja hispida,harsh indian paintbrush,species,https://inaturalist-open-data.s3.amazonaws.com/photos/43820742/medium.jpg
470643,319976,Erythranthe guttata,seep monkeyflower,species,https://static.inaturalist.org/photos/1242791/medium.
543175,52689,Sambucus racemosa arborescens,Coastal Red Elder,variety,https://inaturalist-open-data.s3.amazonaws.com/photos/7357995/medium.jpeg
545973,319976,Erythranthe nasuta,shy monkeyflower,species,https://inaturalist-open-data.s3.amazonaws.com/photos/117995360/medium.jpeg
771843,319976,Erythranthe alsinoides,wingstem monkeyflower,species,https://inaturalist-open-data.s3.amazonaws.com/photos/119194864/medium.jpg
771908,319976,Erythranthe ptilota,wing-leaf monkeyflower,species,https://static.inaturalist.org/photos/144748228/medium.jpg
774894,489052,Struthiopteris spicant,deer fern,species,https://inaturalist-open-data.s3.amazonaws.com/photos/64848459/medium.jpg
1074432,51886,Urtica gracilis gracilis,American stinging nettle,subspecies,https://inaturalist-open-data.s3.amazonaws.com/photos/100054561/medium.jpeg
47216,47217,Calypso,fairy-slippers,genus,https://static.inaturalist.org/photos/358/medium.jpg
47696,47434,Cynosurus,Dog's Tail,genus,https://inaturalist-open-data.s3.amazonaws.com/photos/283098/medium.jpg
47751,47752,Polystichum munitum,western sword fern,species,https://inaturalist-open-data.s3.amazonaws.com/photos/879722/medium.jpg
48031,47217,Platanthera,Bog Orchids,genus,https://inaturalist-open-data.s3.amazonaws.com/photos/78592990/medium.jpeg
48160,47604,Centaurea,knapweeds,genus,https://static.inaturalist.org/photos/120728958/medium.jpeg
48441,48442,Gaultheria shallon,salal,species,https://inaturalist-open-data.s3.amazonaws.com/photos/1142/medium.jpg
48525,48528,Symphoricarpos albus laevigatus,garden snowberry,variety,https://inaturalist-open-data.s3.amazonaws.com/photos/5417/medium.jpg
48538,48539,Cytisus scoparius,Scotch Broom,species,https://inaturalist-open-data.s3.amazonaws.com/photos/39060163/medium.jpeg
48544,47604,Mycelis,,genus,https://inaturalist-open-data.s3.amazonaws.com/photos/10340/medium.jpg
48561,47604,Cirsium,Plume Thistles,genus,https://static.inaturalist.org/photos/59587162/medium.jpg
49130,49131,Myosotis scorpioides,water forget-me-not,species,https://inaturalist-open-data.s3.amazonaws.com/photos/199155526/medium.jpg
49445,47217,Corallorhiza,Coralroots,genus,https://inaturalist-open-data.s3.amazonaws.com/photos/72829209/medium.jpeg
49652,47204,Cardamine,Bittercresses and Toothworts,genus,https://inaturalist-open-data.s3.amazonaws.com/photos/17401/medium.jpg
50299,47148,Fragaria,strawberries,genus,https://inaturalist-open-data.s3.amazonaws.com/photos/56019786/medium.jpg
50718,47217,Goodyera,rattlesnake plantains,genus,https://inaturalist-open-data.s3.amazonaws.com/photos/150468053/medium.jpeg
50847,50853,Cerastium arvense strictum,field mouse-ear chickweed,subspecies,https://inaturalist-open-data.s3.amazonaws.com/photos/42426739/medium.jpeg
51900,47604,Hypochaeris,Cat's-Ears,genus,https://inaturalist-open-data.s3.amazonaws.com/photos/2280301/medium.jpg
52163,47204,Cakile,Searockets,genus,https://inaturalist-open-data.s3.amazonaws.com/photos/39469/medium.jpg
52684,52683,Pteridium aquilinum pubescens,Hairy brackenfern,variety,https://inaturalist-open-data.s3.amazonaws.com/photos/396677804/medium.jpg
52695,47434,Aira,Hair Grass,genus,https://static.inaturalist.org/photos/364292/medium.jpg
52721,47434,Dactylis,cocks-foot and orchard grasses,genus,https://inaturalist-open-data.s3.amazonaws.com/photos/14604/medium.jpg
52765,48623,Prunella,selfheals,genus,https://static.inaturalist.org/photos/4010443/medium.JPG
52792,47434,Elymus,Wild Ryes and Wheatgrasses,genus,https://inaturalist-open-data.s3.amazonaws.com/photos/49723/medium.jpg
52794,47434,Holcus,,genus,https://static.inaturalist.org/photos/22314776/medium.jpeg
52800,47434,Lolium,Ryegrasses,genus,https://inaturalist-open-data.s3.amazonaws.com/photos/17441417/medium.jpg
52809,47434,Poa,Meadow-grasses,genus,https://static.inaturalist.org/photos/8360831/medium.jpg
52818,47604,Achillea,yarrows,genus,https://static.inaturalist.org/photos/19971995/medium.jpeg
52847,48699,Anthriscus,,genus,https://static.inaturalist.org/photos/39295509/medium.jpg
52979,47204,Capsella,Shepherd's-purses,genus,https://inaturalist-open-data.s3.amazonaws.com/photos/181055706/medium.jpeg
53065,53060,Galium triflorum,fragrant bedstraw,species,https://inaturalist-open-data.s3.amazonaws.com/photos/50976242/medium.jpg
53075,47701,Geranium dissectum,Cut-leaved crane's-bill,species,https://static.inaturalist.org/photos/39432181/medium.jpg
53137,53141,Anisocarpus madioides,woodland madia,species,https://inaturalist-open-data.s3.amazonaws.com/photos/3533149/medium.jpg
53143,53136,Madia sativa,coast tarweed,species,https://static.inaturalist.org/photos/214033351/medium.jpg
53167,48699,Osmorhiza,sweet cicely,genus,https://inaturalist-open-data.s3.amazonaws.com/photos/4817759/medium.jpeg
53204,48623,Clinopodium,,genus,https://inaturalist-open-data.s3.amazonaws.com/photos/312285243/medium.jpg
53207,47604,Senecio,groundsels,genus,https://inaturalist-open-data.s3.amazonaws.com/photos/176575697/medium.jpeg
53267,47204,Sisymbrium,Hedgemustards,genus,https://inaturalist-open-data.s3.amazonaws.com/photos/56156876/medium.jpg
53270,47604,Sonchus,sow thistles,genus,https://static.inaturalist.org/photos/45293323/medium.jpg
53298,49389,Stellaria media,common chickweed,species,https://inaturalist-open-data.s3.amazonaws.com/photos/183922286/medium.jpeg
53320,52472,Vicia americana,American vetch,species,https://inaturalist-open-data.s3.amazonaws.com/photos/71578389/medium.jpg
53322,52472,Vicia gigantea,giant vetch,species,https://inaturalist-open-data.s3.amazonaws.com/photos/34664752/medium.jpeg
53324,52472,Vicia sativa,Common Vetch,species,https://inaturalist-open-data.s3.amazonaws.com/photos/187398427/medium.jpg
53416,51874,Lonicera hispidula,Pink Honeysuckle,species,https://inaturalist-open-data.s3.amazonaws.com/photos/91736943/medium.jpeg
54332,47204,Nasturtium,Watercresses,genus,https://inaturalist-open-data.s3.amazonaws.com/photos/40694653/medium.jpg
54570,48623,Mentha,mints,genus,https://inaturalist-open-data.s3.amazonaws.com/photos/1186003/medium.jpg
54605,54604,Marrubium vulgare,White Horehound,species,https://inaturalist-open-data.s3.amazonaws.com/photos/665395/medium.jpg
55104,52680,Polypodium glycyrrhiza,licorice fern,species,https://inaturalist-open-data.s3.amazonaws.com/photos/6878355/medium.jpeg
55365,47604,Grindelia,gumplants,genus,https://inaturalist-open-data.s3.amazonaws.com/photos/195833808/medium.jpg
55564,47604,Bellis,,genus,https://inaturalist-open-data.s3.amazonaws.com/photos/3908816/medium.jpg
55745,51876,Trifolium repens,white clover,species,https://inaturalist-open-data.s3.amazonaws.com/photos/64586855/medium.jpeg
55748,51611,Veronica arvensis,corn speedwell,species,https://static.inaturalist.org/photos/1229778/medium.
55749,51611,Veronica serpyllifolia,thyme-leaved speedwell,species,https://inaturalist-open-data.s3.amazonaws.com/photos/424131091/medium.jpeg
55910,47604,Hieracium,hawkweeds,genus,https://inaturalist-open-data.s3.amazonaws.com/photos/72202962/medium.jpeg
55925,47701,Geranium robertianum,Herb Robert,species,https://inaturalist-open-data.s3.amazonaws.com/photos/285381873/medium.jpg
56023,47148,Alchemilla,Lady's-mantles,genus,https://inaturalist-open-data.s3.amazonaws.com/photos/10270/medium.jpg
56854,56855,Adenocaulon bicolor,American trailplant,species,https://inaturalist-open-data.s3.amazonaws.com/photos/3471018/medium.jpeg
57032,47746,Equisetum telmateia braunii,Braun's Giant Horsetail,subspecies,https://static.inaturalist.org/photos/66893591/medium.jpg
57048,64336,Acmispon parviflorus,Short-flower Deervetch,species,https://inaturalist-open-data.s3.amazonaws.com/photos/147260/medium.jpg
57170,47434,Festuca,Fescues,genus,https://inaturalist-open-data.s3.amazonaws.com/photos/41600338/medium.jpeg
57187,47434,Koeleria,Junegrasses,genus,https://inaturalist-open-data.s3.amazonaws.com/photos/79378658/medium.jpg
57189,47434,Phalaris,Canarygrasses,genus,https://inaturalist-open-data.s3.amazonaws.com/photos/11818/medium.jpg
57277,51611,Veronica americana,American brooklime,species,https://inaturalist-open-data.s3.amazonaws.com/photos/8234588/medium.jpeg
58728,49289,Berberis,Barberries,genus,https://inaturalist-open-data.s3.amazonaws.com/photos/256350818/medium.jpg
58911,51876,Trifolium microcephalum,small-headed clover,species,https://inaturalist-open-data.s3.amazonaws.com/photos/18932/medium.jpg
59068,49371,Scirpus microcarpus,Panicled Bulrush,species,https://inaturalist-open-data.s3.amazonaws.com/photos/12835/medium.jpg
59253,57285,Plectritis congesta congesta,shortspur seablush,subspecies,https://inaturalist-open-data.s3.amazonaws.com/photos/12436/medium.jpg
59520,48241,Erythronium oregonum,giant white fawn lily,species,https://inaturalist-open-data.s3.amazonaws.com/photos/192044591/medium.jpg
60127,60128,Oenanthe sarmentosa,water parsley,species,https://inaturalist-open-data.s3.amazonaws.com/photos/138170784/medium.jpg
60201,51876,Trifolium subterraneum,Subterranean Clover,species,https://inaturalist-open-data.s3.amazonaws.com/photos/7383824/medium.jpeg
61100,53453,Salix sitchensis,Sitka willow,species,https://inaturalist-open-data.s3.amazonaws.com/photos/3717180/medium.jpeg
62499,47604,Jacobaea,,genus,https://inaturalist-open-data.s3.amazonaws.com/photos/48635936/medium.jpeg
63951,58736,Pyrus communis,Common Pear,species,https://static.inaturalist.org/photos/17253854/medium.jpeg
63960,47544,Rubus leucodermis,whitebark raspberry,species,https://static.inaturalist.org/photos/22798930/medium.jpg
64055,52672,Dryopteris expansa,spreading wood fern,species,https://inaturalist-open-data.s3.amazonaws.com/photos/21824168/medium.jpg
71076,53453,Salix scouleriana,Scouler's willow,species,https://inaturalist-open-data.s3.amazonaws.com/photos/105656720/medium.jpg
71146,51876,Trifolium wormskioldii,springbank clover,species,https://static.inaturalist.org/photos/208025692/medium.jpeg
71943,49289,Achlys,,genus,https://static.inaturalist.org/photos/121126/medium.JPG
71973,47434,Anthoxanthum,sweetgrasses,genus,https://inaturalist-open-data.s3.amazonaws.com/photos/168398572/medium.jpeg
72396,47204,Thlaspi,penny cresses,genus,https://inaturalist-open-data.s3.amazonaws.com/photos/114726/medium.jpg
72416,47204,Turritis,tower mustards,genus,https://inaturalist-open-data.s3.amazonaws.com/photos/290604/medium.jpg
75701,58112,Atriplex dioica,thickleaf orach,species,https://inaturalist-open-data.s3.amazonaws.com/photos/2982149/medium.jpg
76604,57166,Danthonia intermedia,Vasey's Oatgrass,species,https://inaturalist-open-data.s3.amazonaws.com/photos/61035803/medium.jpeg
77266,55751,Geum macrophyllum,Large-leaved Avens,species,https://inaturalist-open-data.s3.amazonaws.com/photos/41192976/medium.jpeg
77638,50321,Lathyrus japonicus,seaside pea,species,https://inaturalist-open-data.s3.amazonaws.com/photos/354009189/medium.jpeg
77832,51874,Lonicera ciliosa,orange honeysuckle,species,https://static.inaturalist.org/photos/18945520/medium.jpg
77952,55978,Malva neglecta,dwarf mallow,species,https://inaturalist-open-data.s3.amazonaws.com/photos/83395271/medium.jpg
77986,52803,Melica subulata,Alaska Oniongrass,species,https://inaturalist-open-data.s3.amazonaws.com/photos/18310877/medium.jpeg
78027,72236,Micranthes integrifolia,Wholeleaf Saxifrage,species,https://inaturalist-open-data.s3.amazonaws.com/photos/18934/medium.jpg
78150,49131,Myosotis laxa,bay forget-me-not,species,https://inaturalist-open-data.s3.amazonaws.com/photos/138207566/medium.jpeg
78941,53453,Salix hookeriana,coastal willow,species,https://inaturalist-open-data.s3.amazonaws.com/photos/131374502/medium.jpg
79637,71992,Asplenium trichomanes trichomanes,maidenhair spleenwort,subspecies,https://static.inaturalist.org/photos/76170206/medium.gif
79659,62219,Camassia leichtlinii suksdorfii,Suksdorf's Large Camas,subspecies,https://inaturalist-open-data.s3.amazonaws.com/photos/2862271/medium.JPG
81026,63137,Linnaea borealis longiflora,Longtube Twinflower,variety,https://static.inaturalist.org/photos/384229/medium.jpg
153479,48493,Delphinium menziesii,Menzies' Larkspur,species,https://inaturalist-open-data.s3.amazonaws.com/photos/131162731/medium.jpeg
234941,49340,Castilleja miniata dixonii,Dixon's Paintbrush,variety,https://static.inaturalist.org/photos/111354519/medium.jpeg
237139,55796,Luzula multiflora multiflora,common heath woodrush,subspecies,https://inaturalist-open-data.s3.amazonaws.com/photos/173308530/medium.jpg
496537,48063,Lysimachia latifolia,Western Starflower,species,https://static.inaturalist.org/photos/146237736/medium.jpg
739040,273241,Aphyllon purpureum,oneflower broomrape,species,https://inaturalist-open-data.s3.amazonaws.com/photos/21050136/medium.jpg
791928,48063,Lysimachia arvensis,scarlet pimpernel,species,https://inaturalist-open-data.s3.amazonaws.com/photos/223278664/medium.jpg
47543,47544,Rubus spectabilis,Salmonberry,species,https://inaturalist-open-data.s3.amazonaws.com/photos/313742389/medium.jpg
47695,47696,Cynosurus echinatus,bristly dogtail grass,species,https://inaturalist-open-data.s3.amazonaws.com/photos/330824782/medium.jpg
48349,48353,Vaccinium ovatum,Evergreen Huckleberry,species,https://inaturalist-open-data.s3.amazonaws.com/photos/4845/medium.jpg
48354,48353,Vaccinium parvifolium,Red Huckleberry,species,https://static.inaturalist.org/photos/4855055/medium.jpg
48543,48544,Mycelis muralis,Wall Lettuce,species,https://inaturalist-open-data.s3.amazonaws.com/photos/10340/medium.jpg
50618,50619,Fritillaria affinis,checker lily,species,https://inaturalist-open-data.s3.amazonaws.com/photos/27849/medium.jpg
50719,50718,Goodyera oblongifolia,Western Rattlesnake Plantain,species,https://inaturalist-open-data.s3.amazonaws.com/photos/12879824/medium.jpeg
51344,48385,Heuchera micrantha diversifolia,,variety,https://inaturalist-open-data.s3.amazonaws.com/photos/13359312/medium.jpg
51646,47544,Rubus parviflorus,thimbleberry,species,https://inaturalist-open-data.s3.amazonaws.com/photos/26833062/medium.jpeg
52627,51229,Stachys chamissonis cooleyae,Cooley's Hedge-nettle,variety,https://inaturalist-open-data.s3.amazonaws.com/photos/6758732/medium.jpg
52694,52695,Aira caryophyllea,Silver Hairgrass,species,https://static.inaturalist.org/photos/364292/medium.jpg
52720,52721,Dactylis glomerata,orchard grass,species,https://inaturalist-open-data.s3.amazonaws.com/photos/44960033/medium.jpeg
52793,52794,Holcus lanatus,Yorkshire fog,species,https://inaturalist-open-data.s3.amazonaws.com/photos/157538875/medium.jpg
52846,52847,Anthriscus caucalis,Bur Parsley,species,https://inaturalist-open-data.s3.amazonaws.com/photos/25575053/medium.jpg
52981,49652,Cardamine oligosperma,little western bittercress,species,https://inaturalist-open-data.s3.amazonaws.com/photos/3002876/medium.jpg
52989,48561,Cirsium vulgare,Bull Thistle,species,https://static.inaturalist.org/photos/47950246/medium.jpg
53059,53060,Galium aparine,catchweed bedstraw,species,https://inaturalist-open-data.s3.amazonaws.com/photos/79984095/medium.jpg
53076,47701,Geranium molle,Dove's-foot crane's-bill,species,https://inaturalist-open-data.s3.amazonaws.com/photos/71225717/medium.jpg
53104,51900,Hypochaeris radicata,Common Cat's-ear,species,https://inaturalist-open-data.s3.amazonaws.com/photos/49330430/medium.jpg
53166,53167,Osmorhiza berteroi,mountain sweet cicely,species,https://inaturalist-open-data.s3.amazonaws.com/photos/22613/medium.jpg
53178,50636,Plantago lanceolata,ribwort plantain,species,https://inaturalist-open-data.s3.amazonaws.com/photos/289213594/medium.jpg
53203,53204,Clinopodium douglasii,yerba buena,species,https://inaturalist-open-data.s3.amazonaws.com/photos/6758827/medium.jpg
53210,53207,Senecio sylvaticus,Heath Groundsel,species,https://inaturalist-open-data.s3.amazonaws.com/photos/5286/medium.jpg
53266,53267,Sisymbrium officinale,Hedge mustard,species,https://static.inaturalist.org/photos/131342649/medium.jpeg
53269,53270,Sonchus asper,prickly sowthistle,species,https://inaturalist-open-data.s3.amazonaws.com/photos/261760280/medium.jpeg
53294,53270,Sonchus oleraceus,Common Sow-thistle,species,https://static.inaturalist.org/photos/28460419/medium.jpeg
53313,51876,Trifolium dubium,Lesser hop trefoil,species,https://inaturalist-open-data.s3.amazonaws.com/photos/280916253/medium.jpeg
53328,50829,Viola adunca,hookedspur violet,species,https://static.inaturalist.org/photos/192684110/medium.jpg
53441,53438,Rosa gymnocarpa,Baldhip Rose,species,https://inaturalist-open-data.s3.amazonaws.com/photos/26171161/medium.jpeg
55563,55564,Bellis perennis,Lawn daisy,species,https://inaturalist-open-data.s3.amazonaws.com/photos/360603587/medium.jpeg
55829,49652,Cardamine hirsuta,hairy bittercress,species,https://inaturalist-open-data.s3.amazonaws.com/photos/156216282/medium.jpg
56121,52979,Capsella bursa-pastoris,shepherd's-purse,species,https://inaturalist-open-data.s3.amazonaws.com/photos/9103381/medium.jpg
56188,52472,Vicia hirsuta,Hairy tare,species,https://inaturalist-open-data.s3.amazonaws.com/photos/105701010/medium.jpeg
57163,52701,Bromus sterilis,Barren Brome,species,https://inaturalist-open-data.s3.amazonaws.com/photos/152944035/medium.jpeg
57847,50921,Muscari armeniacum,Garden Grape-hyacinth,species,https://inaturalist-open-data.s3.amazonaws.com/photos/10422616/medium.jpg
58369,52701,Bromus tectorum,Cheatgrass,species,https://inaturalist-open-data.s3.amazonaws.com/photos/70313319/medium.jpeg
58767,52677,Pentagramma triangularis triangularis,,subspecies,https://inaturalist-open-data.s3.amazonaws.com/photos/14244966/medium.jpg
58886,55735,Sedum spathulifolium,Broad-leaved Stonecrop,species,https://inaturalist-open-data.s3.amazonaws.com/photos/285028783/medium.jpg
59091,57170,Festuca occidentalis,western fescue,species,https://inaturalist-open-data.s3.amazonaws.com/photos/129430507/medium.jpeg
60132,48561,Cirsium arvense,creeping thistle,species,https://inaturalist-open-data.s3.amazonaws.com/photos/21270271/medium.jpeg
60318,51611,Veronica peregrina peregrina,common purslane speedwell,subspecies,https://inaturalist-open-data.s3.amazonaws.com/photos/61934798/medium.jpg
61002,52670,Athyrium filix-femina cyclosorum,western lady fern,subspecies,https://inaturalist-open-data.s3.amazonaws.com/photos/130276306/medium.jpg
61058,52695,Aira praecox,early hair grass,species,https://static.inaturalist.org/photos/191244990/medium.jpeg
61964,47351,Prunus avium,wild cherry,species,https://inaturalist-open-data.s3.amazonaws.com/photos/67740473/medium.jpg
61992,55365,Grindelia stricta,Oregon Gumplant,species,https://inaturalist-open-data.s3.amazonaws.com/photos/151301892/medium.jpg
62498,62499,Jacobaea vulgaris,ragwort,species,https://inaturalist-open-data.s3.amazonaws.com/photos/45878089/medium.jpeg
63337,57189,Phalaris arundinacea,reed canary grass,species,https://inaturalist-open-data.s3.amazonaws.com/photos/78038371/medium.jpg
63371,53196,Rumex obtusifolius,broad-leaved dock,species,https://inaturalist-open-data.s3.amazonaws.com/photos/5084024/medium.jpg
68470,53202,Sanicula crassicaulis crassicaulis,,variety,https://inaturalist-open-data.s3.amazonaws.com/photos/6101355/medium.jpg
75263,71943,Achlys triphylla,vanilla leaf,species,https://static.inaturalist.org/photos/3816738/medium.jpg
75415,49230,Amelanchier alnifolia,Saskatoon,species,https://static.inaturalist.org/photos/8047816/medium.jpg
75475,71973,Anthoxanthum odoratum,sweet vernal grass,species,https://inaturalist-open-data.s3.amazonaws.com/photos/20694647/medium.jpg
75756,58728,Berberis nervosa,Cascade Oregon-grape,species,https://inaturalist-open-data.s3.amazonaws.com/photos/44971943/medium.jpg
75912,52701,Bromus sitchensis,sitka brome,species,https://inaturalist-open-data.s3.amazonaws.com/photos/1708013/medium.jpg
75915,52701,Bromus vulgaris,columbia brome,species,https://inaturalist-open-data.s3.amazonaws.com/photos/18513503/medium.jpeg
76003,49652,Cardamine occidentalis,Western Bittercress,species,https://inaturalist-open-data.s3.amazonaws.com/photos/192453142/medium.jpg
76782,57022,Eleocharis palustris,Common Spike-rush,species,https://inaturalist-open-data.s3.amazonaws.com/photos/35116249/medium.jpeg
77991,54570,Mentha canadensis,Canada mint,species,https://inaturalist-open-data.s3.amazonaws.com/photos/46047059/medium.jpeg
78174,54332,Nasturtium officinale,watercress,species,https://inaturalist-open-data.s3.amazonaws.com/photos/203236672/medium.jpeg
78931,52617,Salicornia pacifica,Pacific Glasswort,species,https://inaturalist-open-data.s3.amazonaws.com/photos/161785604/medium.jpg
79358,72396,Thlaspi arvense,field penny-cress,species,https://inaturalist-open-data.s3.amazonaws.com/photos/114726/medium.jpg
79460,72416,Turritis glabra,Tower Mustard,species,https://static.inaturalist.org/photos/132582693/medium.jpeg
80941,53415,Holodiscus discolor discolor,,variety,https://inaturalist-open-data.s3.amazonaws.com/photos/249855819/medium.jpeg
81358,53453,Salix lasiandra lasiandra,Pacific Willow,variety,https://inaturalist-open-data.s3.amazonaws.com/photos/291958/medium.JPG
126887,58728,Berberis aquifolium,Oregon grape,species,https://static.inaturalist.org/photos/33215492/medium.jpeg
241251,50321,Lathyrus nevadensis pilosellus,,variety,https://inaturalist-open-data.s3.amazonaws.com/photos/3827170/medium.JPG
1538791,57187,Koeleria spicata,spike trisetum,species,https://inaturalist-open-data.s3.amazonaws.com/photos/960942/medium.jpg
48229,48230,Ranunculus repens,Creeping buttercup,species,https://inaturalist-open-data.s3.amazonaws.com/photos/38652836/medium.jpeg
52801,52800,Lolium perenne,Perennial Ryegrass,species,https://static.inaturalist.org/photos/3607783/medium.jpg
52808,52809,Poa annua,Annual Meadow-grass,species,https://inaturalist-open-data.s3.amazonaws.com/photos/119472992/medium.jpeg
52821,52818,Achillea millefolium,common yarrow,species,https://inaturalist-open-data.s3.amazonaws.com/photos/4902/medium.jpg
53195,53196,Rumex acetosella,Sheep's sorrel,species,https://inaturalist-open-data.s3.amazonaws.com/photos/177768765/medium.jpg
53445,47544,Rubus ursinus,trailing blackberry,species,https://inaturalist-open-data.s3.amazonaws.com/photos/124445245/medium.jpg
55851,55460,Lamium purpureum,red deadnettle,species,https://inaturalist-open-data.s3.amazonaws.com/photos/9778/medium.jpg
57171,52792,Elymus glaucus glaucus,Blue Wild Rye,subspecies,https://inaturalist-open-data.s3.amazonaws.com/photos/316253/medium.jpeg
57724,47216,Calypso bulbosa occidentalis,Western Fairy-slipper,variety,https://inaturalist-open-data.s3.amazonaws.com/photos/72717526/medium.jpg
57922,48160,Centaurea melitensis,Maltese star-thistle,species,https://inaturalist-open-data.s3.amazonaws.com/photos/206740899/medium.jpg
60307,52809,Poa pratensis,Smooth Meadow-grass,species,https://inaturalist-open-data.s3.amazonaws.com/photos/14390/medium.jpg
61009,50321,Lathyrus latifolius,broad-leaved sweet pea,species,https://inaturalist-open-data.s3.amazonaws.com/photos/155822874/medium.jpeg
63890,47851,Quercus garryana garryana,Oregon white oak,variety,https://inaturalist-open-data.s3.amazonaws.com/photos/1765723/medium.jpg
63898,48230,Ranunculus uncinatus,woodland buttercup,species,https://static.inaturalist.org/photos/362970/medium.jpg
63937,55910,Hieracium albiflorum,white hawkweed,species,https://inaturalist-open-data.s3.amazonaws.com/photos/908179/medium.jpg
76067,48571,Carex leporina,oval sedge,species,https://inaturalist-open-data.s3.amazonaws.com/photos/927135/medium.jpg
76070,48571,Carex leptopoda,slender-footed sedge,species,https://inaturalist-open-data.s3.amazonaws.com/photos/18494169/medium.jpeg
76089,48571,Carex pachystachya,starry broomsedge,species,https://inaturalist-open-data.s3.amazonaws.com/photos/4048199/medium.jpg
80173,53438,Rosa nutkana nutkana,Nootka Rose (Nootka),subspecies,https://inaturalist-open-data.s3.amazonaws.com/photos/855005/medium.JPG
80219,53270,Sonchus arvensis arvensis,glandular field sowthistle,subspecies,https://inaturalist-open-data.s3.amazonaws.com/photos/5851127/medium.jpg
81287,52765,Prunella vulgaris vulgaris,Eurasian Self-heal,subspecies,https://inaturalist-open-data.s3.amazonaws.com/photos/926573/medium.jpg
116364,47357,Allium cernuum,nodding onion,species,https://inaturalist-open-data.s3.amazonaws.com/photos/120632/medium.jpg
164708,52800,Lolium arundinaceum,tall fescue,species,https://inaturalist-open-data.s3.amazonaws.com/photos/29121494/medium.jpeg
236055,50299,Fragaria vesca bracteata,Western Woodland Strawberry,subspecies,https://inaturalist-open-data.s3.amazonaws.com/photos/202614386/medium.jpg
337699,52163,Cakile maritima maritima,,subspecies,https://inaturalist-open-data.s3.amazonaws.com/photos/5479956/medium.jpeg
452199,49445,Corallorhiza maculata ozettensis,Ozette Coralroot,variety,https://inaturalist-open-data.s3.amazonaws.com/photos/8335013/medium.jpg
840638,48031,Platanthera unalascensis,Alaska Rein Orchid,species,https://inaturalist-open-data.s3.amazonaws.com/photos/396678236/medium.jpg
866483,56023,Alchemilla arvensis,Field Parsley Piert,species,https://inaturalist-open-data.s3.amazonaws.com/photos/459066/medium.jpg
81335,48230,Ranunculus occidentalis occidentalis,,variety,https://inaturalist-open-data.s3.amazonaws.com/photos/409846/medium.jpg
181758,57170,Festuca rubra pruinosa,Bloomed Fescue,subspecies,https://inaturalist-open-data.s3.amazonaws.com/photos/296782592/medium.jpg
78891,47544,Rubus laciniatus,Cutleaf Blackberry,species,https://inaturalist-open-data.s3.amazonaws.com/photos/223841507/medium.jpg
168025,47544,Rubus bifrons,Himalayan Blackberry,species,https://inaturalist-open-data.s3.amazonaws.com/photos/955171/medium.jpg
