area,Family,TaxonName,iNatTaxon,HJ_comment,FPNW_note,critical_comments,reviewed
ssi,Alismataceae,Alisma triviale,Alisma triviale,ICS record for island. Location? HJ obs St. Mary's Lake 1999.,,,
ssi,Amaranthaceae,Amaranthus powellii,Amaranthus powellii,"Gardens, waste ground.",,,
ssi,Amaranthaceae,Atriplex dioica,Atriplex dioica,AC at Young's salt spring 1982. TRA Fernwood 1956.,,,
ssi,Amaranthaceae,Atriplex gmelinii,Atriplex gmelinii,Strand and mudflats.,,,
ssi,Amaranthaceae,Atriplex hortensis,Atriplex hortensis,TRA Fernwood 1956. No information on naturalization.,,,
ssi,Amaranthaceae,Chenopodium album,Chenopodium album,Garden and waste places.,,,
ssi,Amaranthaceae,Oxybasis macrosperma,Oxybasis macrosperma,TRA Ganges 1959.,,,
ssi,Amaranthaceae,Oxybasis rubra var. humilis,Oxybasis rubra humilis,Salt marshes.,,,
ssi,Amaranthaceae,Sarcocornia perennis,Salicornia perennis,"Mud flats, salt marshes and beaches.","recorded by HJ: ‘Salicornia pacifica’; “FPNW2 appears to be following FNA (2003) which reports Sarcocornia perennis (prostrate, with woody stems readily rooting in the substrate) from BC and S. pacifica (procumbent to erect shrubs in which woody stems usually do not root) to include east coast of North America (New Hampshire south to Florida) , California and Mexico, but NOT BC. http://www.efloras.org/florataxon.aspx?flora_id=1&taxon_id=129207; VASCAN has updated their names to Salicornia pacifica following a more recent treatment by Piirainen et al. 2017 that proposes a new infrageneric classification for Salicornia (incl. Sarcocornia) and shows Salicornia pacifica present in BC.Salicornia perennis is excluded. http://data.canadensys.net/vascan/search?q=sarcocorniaSo, you could move ahead of the pack and call your material Salicornia pacifica Standley sensu Piirianen et al. 2017 OR you could use the synonym Sarcocornia pacifica. I’ll propose the name change (Sarcocornia pacifica to Salicornia pacifica) for fall review, but it would not show up in Species Explorer/E-Flora until next year.” –MD",,
ssi,Amaryllidaceae,Allium acuminatum,Allium acuminatum,"Grassy, south facing bluffs.",,,
ssi,Amaryllidaceae,Allium amplectens,Allium amplectens,Mt Maxwell grassy ledge with vernal seepage. Isabella Island rocky shore.,,,
ssi,Amaryllidaceae,Allium cernuum,Allium cernuum,"South facing bluffs, dry ridges throughout.",,,
ssi,Amaryllidaceae,Allium geyeri var. tenerum,Allium geyeri tenerum,Deadman Islands: rock off E and W end of islands. Fulford Harbour on islet at high tide line.Isabella Island.,,,
ssi,Amaryllidaceae,Narcissus pseudonarcissus,Narcissus pseudonarcissus,Persisting from cultivation,,,
ssi,Anacardiaceae,Toxicodendron diversilobum,Toxicodendron diversilobum,"HLR Sansum narrows shore below Mt Erskine 2002, FL same 2006.",,,
ssi,Apiaceae,Aegopodium podagraria,Aegopodium podagraria,Dunnison Fulford iNaturalist observation 2021. Appears to be naturalized.,,,
ssi,Apiaceae,Angelica genuflexa,Angelica genuflexa,HJ abundant in willow-dogwood woods Ford Lake shoreline 1999.,,,
ssi,Apiaceae,Anthriscus caucalis,Anthriscus caucalis,"TRA Ganges, Fulford",,,
ssi,Apiaceae,Anthriscus sylvestris,Anthriscus sylvestris,FL Fulford grassy roadside 1996.,,,
ssi,Apiaceae,Carum carvi,Carum carvi,TRA Beaver Point,,,
ssi,Apiaceae,Cicuta douglasii,Cicuta douglasii,"HJ Cusheon Lake, TRA Ganges, Stowell Lake",,,
ssi,Apiaceae,Conioselinum pacificum,Conioselinum gmelinii,Beaches and sandy shorelines.,,,
ssi,Apiaceae,Conium maculatum,Conium maculatum,location? Collector?,,,
ssi,Apiaceae,Daucus carota,Daucus carota,"Roadsides, cultivated ground, meadows.",,,
ssi,Apiaceae,Daucus pusillus,Daucus pusillus,"Dry, open places, grassy bluffs.",,,
ssi,Apiaceae,Foeniculum vulgare,Foeniculum vulgare,Caldwell Vesuvius 1974.,,,
ssi,Apiaceae,Lomatium dissectum,Lomatium dissectum,"Dry, shady forest below cliff on Mt Maxwell. Single site HJ 1980. McEwen same location 2016-2018.",,,
ssi,Apiaceae,Lomatium grayi,Lomatium grayi,Calder Mt Maxwell 1961. HJ Mt Maxwell summit down to 1400' south facing cliffs. HLR Maxwell Point 2010.,,,
ssi,Apiaceae,Lomatium nudicaule,Lomatium nudicaule,"Seaside meadows, grassy shorelines and banks.",,,
ssi,Apiaceae,Lomatium utriculatum,Lomatium utriculatum,"Grassy bluffs, rocky meadows.",,,
ssi,Apiaceae,Myrrhis odorata,Myrrhis odorata,TRA two collections gardens in Ganges date? Escaping?,,,
ssi,Apiaceae,Oenanthe sarmentosa,Oenanthe sarmentosa,"Pools and streams in shady woods, lake edges and ditches.",,,
ssi,Apiaceae,Osmorhiza berteroi,Osmorhiza berteroi,"Open woodlands, trails.",,,
ssi,Apiaceae,Pastinaca sativa,Pastinaca sativa,ICS Reginald Hill 1977.,,,
ssi,Apiaceae,Perideridia montana,Perideridia gairdneri,"TRA Beaver Point, HJ obs there 1996.",,,
ssi,Apiaceae,Sanicula crassicaulis,Sanicula crassicaulis,"Dry transitional forest, rocky slopes above salt water.",,,
ssi,Apiaceae,Sanicula graveolens,Sanicula graveolens,Calder Mt Maxwell 1961. HJ Mt Maxwell 1980. HJ Bryant Hill Park 2001.,,,
ssi,Apiaceae,Sium suave,Sium suave,"TRA St Marys Lake, HJ St Marys Lake shallow water shoreline 1981. PDW St Marys Lake 1976.",,,
ssi,Apiaceae,Torilis arvensis,Torilis arvensis,"FL Isabella Point 1996 Mt Erskine 2002. HJ Burgoyne Bay, Southy Point 1998.",,,
ssi,Apiaceae,Torilis japonica,Torilis japonica,Lynn Broadwell Rd iNaturalist observation 2020.,,,
ssi,Apiaceae,Yabea microcarpa,Yabea microcarpa,"HJ Mt Maxwell, Reginald Hill 2003, HLR Maxwell Point 2003, FL Sansum Narrows Rocky, grassy, mossy Quercus garryana slope 2002.",,,
ssi,Apocynaceae,Apocynum androsaemifolium,Apocynum androsaemifolium,location? Collector?,,,
ssi,Apocynaceae,Vinca major,Vinca major,Straley Beddis Road 1991.,,,
ssi,Aquifoliaceae,Ilex aquifolium,Ilex aquifolium,Adventive in moist woods.,,,
ssi,Araceae,Lemna minor,Lemna minor,"Quiet standing water, lakes and ponds throughout. Many reports may be in error (name misapplied to native L. minuta). Re-check.",,,
ssi,Araceae,Lemna turionifera,Lemna turionifera,Zika Blackburn Lake 2016.,,,
ssi,Araceae,Lysichiton americanus,Lysichiton americanus,"Fens, wet spots, drainage channels.",,,
ssi,Araliaceae,Hedera helix,Hedera helix,"Escaping into lowland, mesic forest.",,,
ssi,Asparagaceae,Asparagus officinalis,Asparagus officinalis,"Occasionally escaping, waste ground. Booth Canal.",,,
ssi,Asparagaceae,Brodiaea coronaria,Brodiaea coronaria,"Dry, open, grassy slopes and rocky outcrops",,,
ssi,Asparagaceae,Brodiaea rosea var. rosea,Brodiaea coronaria rosea,RDB Reginald Hill 1971. CricketFarm Mt Erskine iNaturalist report 2019.,,,
ssi,Asparagaceae,Camassia leichtlinii ssp. suksdorfii,Camassia leichtlinii suksdorfii,"South facing bluffs, shelves isolated from grazing.",,,
ssi,Asparagaceae,Camassia quamash ssp. maxima,Camassia quamash maxima,Rare; occuring with C. leichtlinii.,,,
ssi,Asparagaceae,Chionodoxa luciliae,Scilla luciliae,Not officially reported for area but persisting from cultivation.,not in FPNW2,,
ssi,Asparagaceae,Hyacinthoides hispanica,Hyacinthoides hispanica,Straley Beddis Rd 1991. persisting along with H. non-scripta from cultivation.,,,
ssi,Asparagaceae,Maianthemum dilatatum,Maianthemum dilatatum,"Moist, open forest.",,,
ssi,Asparagaceae,Maianthemum racemosum ssp. amplexicaule,Maianthemum racemosum amplexicaule,"Damp woods, Beaver Point TRA note very rare.",,,
ssi,Asparagaceae,Maianthemum stellatum,Maianthemum stellatum,HJ forested cliffs below Mt Maxwell 1982.,,,
ssi,Asparagaceae,Ornithogalum umbellatum,Ornithogalum umbellatum,Not officially reported for area but persisting from cultivation.,,,
ssi,Asparagaceae,Triteleia grandiflora,Triteleia grandiflora,var. grandiflora location? TRA collection var. howellii location? GD&JP 1997 witheld location.,,,TL (corrected typo)
ssi,Asparagaceae,Triteleia hyacinthina,Triteleia hyacinthina,"Grassy slopes on bluffs,",,,
ssi,Aspleniaceae,Asplenium trichomanes,Asplenium trichomanes,Clement - Musgrave Rd. Calder - Beaver Point,,,
ssi,Asteraceae,Achillea millefolium,Achillea millefolium,"Roadsides, disturbed ground.",,,
ssi,Asteraceae,Adenocaulon bicolor,Adenocaulon bicolor,"Moist, shady woods.",,,
ssi,Asteraceae,Agoseris grandiflora var. leptophylla,Agoseris grandiflora leptophylla,Grassy bluffs.,,,
ssi,Asteraceae,Agoseris heterophylla,Agoseris heterophylla,Grassy bluffs and ridges.,,,
ssi,Asteraceae,Ambrosia chamissonis,Ambrosia chamissonis,"Sandy beaches, shoreline dunes.",,,
ssi,Asteraceae,Anaphalis margaritacea,Anaphalis margaritacea,Open woods and roadsides.,,,
ssi,Asteraceae,Anisocarpus madioides,Anisocarpus madioides,"Dry, open Douglas-fir woodlands.",,,
ssi,Asteraceae,Antennaria neglecta,Antennaria neglecta,location? collector?,,,
ssi,Asteraceae,Anthemis arvensis,Anthemis arvensis,"HJ Fulford waste ground 1979, TRA Ganges.",,,
ssi,Asteraceae,Anthemis cotula,Anthemis cotula,"Roadsides, waste ground. TRA Ganges, Fulford 1955.",,,
ssi,Asteraceae,Arctium minus,Arctium minus,"Waste ground, roadside",,,
ssi,Asteraceae,Artemisia absinthium,Artemisia absinthium,HJ Musgrave Road 1979.,,,
ssi,Asteraceae,Artemisia suksdorfii,Artemisia suksdorfii,TRA Beaver Point 1955.,,,
ssi,Asteraceae,Bellis perennis,Bellis perennis,"Lawns, meadows, pastures, waste ground,",,,
ssi,Asteraceae,Bidens cernua,Bidens cernua,Thompson Dunbabin Park 2018iNaturalist observation.,,,
ssi,Asteraceae,Canadanthus modestus,Canadanthus modestus,ICS Location? GD confirms id.,,,
ssi,Asteraceae,Centaurea melitensis,Centaurea melitensis,DL Thompson iNaturalist Baker Road 2013.,,,
ssi,Asteraceae,Cichorium intybus,Cichorium intybus,"Roadsides, farm fields, meadows.",,,
ssi,Asteraceae,Cirsium arvense,Cirsium arvense,"Roadsides, disturbed ground, fields.",,,
ssi,Asteraceae,Cirsium brevistylum,Cirsium brevistylum,"Roadsides, disturbed ground, fields.",,,
ssi,Asteraceae,Cirsium palustre,Cirsium palustre,TRA Ganges 1956. Listed by the Invasive Species Council of BC.,,,
ssi,Asteraceae,Cirsium vulgare,Cirsium vulgare,"Disturbed ground, fields and roadside.",,,
ssi,Asteraceae,Conyza canadensis,Erigeron canadensis,"Waste places and disturbed soil, farm yards.",,,
ssi,Asteraceae,Cotula coronopifolia,Cotula coronopifolia,HJ Fulford Harbour 1979.,,,
ssi,Asteraceae,Crepis capillaris,Crepis capillaris,"Roadsides, waste places.",,,
ssi,Asteraceae,Crocidium multicaule,Crocidium multicaule,Calder Mt Maxwell 1961,,,
ssi,Asteraceae,Doronicum pardalianches,Doronicum pardalianches,HJ Fulford 1980.,,,
ssi,Asteraceae,Erigeron philadelphicus,Erigeron philadelphicus,"WAN 1921, TRA Fulford, Ganges 1959",,,
ssi,Asteraceae,Eriophyllum lanatum var. leucophyllum,Eriophyllum lanatum leucophyllum,Grassy bluffs and ledges.,,,
ssi,Asteraceae,Filago arvensis,Filago arvensis,"Clement Musgrave Road 1979,",,,
ssi,Asteraceae,Filago pyramidata,Filago pyramidata,TRA 1957.Hardy 1957 also. Locations? Id?,,,
ssi,Asteraceae,Gamochaeta ustulata,Gamochaeta ustulata,"Roadside vernal pools, disturbed ground.",,,
ssi,Asteraceae,Gnaphalium palustre,Gnaphalium palustre,"Roadside vernal pools, disturbed ground.",,,
ssi,Asteraceae,Gnaphalium uliginosum,Gnaphalium uliginosum,"Roadside vernal pools, disturbed ground.",,,
ssi,Asteraceae,Grindelia hirsutula,Grindelia hirsutula,"HJ Mt Tuam1979, RDB Mt Tuam 1970.",,,
ssi,Asteraceae,Grindelia integrifolia,Grindelia integrifolia,"Coastal bluffs, beaches, salt marshes and meadows.",,,
ssi,Asteraceae,Hieracium albiflorum,Hieracium albiflorum,"Dry, open coniferous forest and margins..",,,
ssi,Asteraceae,Hypochaeris glabra,Hypochaeris glabra,"Roadside, disturbed and waste ground.",,,
ssi,Asteraceae,Hypochaeris radicata,Hypochaeris radicata,"Lawns, cultivated ground, waste ground.",,,
ssi,Asteraceae,Jacobaea vulgaris,Jacobaea vulgaris,Roadside and logging roads.,,,
ssi,Asteraceae,Jaumea carnosa,Jaumea carnosa,location? collector?,,,
ssi,Asteraceae,Lactuca biennis,Lactuca biennis,TRA Ganges 1957. Ruckle Park 2020 iNaturalist report.,,,
ssi,Asteraceae,Lactuca serriola,Lactuca serriola,"Roadsides, fields and waste places.",,,
ssi,Asteraceae,Lapsana communis,Lapsana communis,"Roadside, disturbed ground, forest edges.",,,
ssi,Asteraceae,Leontodon saxatilis,Leontodon saxatilis,"Lawns, roadsides and waste places.",,,
ssi,Asteraceae,Leucanthemum vulgare,Leucanthemum vulgare,"Fields, roadsides, and waste places.",,,
ssi,Asteraceae,Luina hypoleuca,Luina hypoleuca,"TRA base of cliffs Mt Maxwell 1955, HJ Mt Erskin 1980.",,,
ssi,Asteraceae,Madia exigua,Madia exigua,"Roadsides, grassy ridges. TRA open woods Ganges 1957, Clement Mt Bruce 1979.",,,
ssi,Asteraceae,Madia glomerata,Madia glomerata,"RDB Mt Bruce 1971. Roadsides, dry open places.",,,
ssi,Asteraceae,Madia gracilis,Madia gracilis,Grassy bluffs and ledges.,,,
ssi,Asteraceae,Madia sativa,Madia sativa,Roadsides.,,,
ssi,Asteraceae,Matricaria discoidea,Matricaria discoidea,"Roadsides, disturbed ground.",,,
ssi,Asteraceae,Mycelis muralis,Mycelis muralis,"Open, mesic forest.",,,
ssi,Asteraceae,Petasites frigidus var. palmatus,Petasites frigidus palmatus,TRA St Marys Lake date?,,,
ssi,Asteraceae,Petasites japonicus,Petasites japonicus,"TRA abandoned garden edge, Ganges 1957.",,,
ssi,Asteraceae,Pseudognaphalium thermale,Pseudognaphalium thermale,"Logged areas, roadsides, disturbed ground.",,,
ssi,Asteraceae,Psilocarphus tenellus,Psilocarphus tenellus,"FL Ruckle Park 1996, 2002.",,,
ssi,Asteraceae,Senecio sylvaticus,Senecio sylvaticus,Disturbed soil and waste places.,,,
ssi,Asteraceae,Senecio vulgaris,Senecio vulgaris,"Roadsides, waste ground, cultivated ground.",,,
ssi,Asteraceae,Solidago lepida var. lepida,Solidago lepida lepida,Grassy places and open woods.,,,
ssi,Asteraceae,Soliva sessilis,Soliva sessilis,"Roemer 1998, 2006 FL 1996, 2002, Beaver Point camp ground area.",,,
ssi,Asteraceae,Sonchus arvensis ssp. uliginosus,Sonchus arvensis uliginosus,"Landward edges of salt marshes, beach shorelines.",,,
ssi,Asteraceae,Sonchus asper,Sonchus asper,"Disturbed ground, cultivated ground.",,,
ssi,Asteraceae,Sonchus oleraceus,Sonchus oleraceus,"Disturbed ground, cultivated ground.",,,
ssi,Asteraceae,Symphyotrichum bracteolatum,Symphyotrichum bracteolatum,TRA Cusheon Lake woods 1958.,,,
ssi,Asteraceae,Symphyotrichum chilense,Symphyotrichum chilense,"HJ salty slough, Fulford 1979, TRA St Marys Lake 1959.",,,
ssi,Asteraceae,Symphyotrichum subspicatum,Symphyotrichum subspicatum,All specimines need re-examination.,,,
ssi,Asteraceae,Tanacetum parthenium,Tanacetum parthenium,Several iNaturalist reports for area.,,,
ssi,Asteraceae,Tanacetum vulgare,Tanacetum vulgare,Roadside and waste places.,,,
ssi,Asteraceae,Taraxacum erythrospermum,Taraxacum erythrospermum,"Lawns, roadsides, waste areas, grassy bluffs.",,,
ssi,Asteraceae,Taraxacum officinale,Taraxacum officinale,Lawns cultivated ground and disturbed places.,,,
ssi,Asteraceae,Tragopogon porrifolius,Tragopogon porrifolius,"Roadside, fields.",,,
ssi,Asteraceae,Tripleurospermum inodorum,Tripleurospermum inodorum,Location? Collector?,,,
ssi,Athyriaceae,Athyrium filix-femina ssp. cyclosorum,Athyrium filix-femina cyclosorum,"Common throughout in moist forest, wetland edges, seepy spots.",,,
ssi,Berberidaceae,Achlys triphylla,Achlys triphylla,"Shady, moist woods, occasionally in open, moist places and along streams. Forming dense stands under Alder regen.",,,
ssi,Berberidaceae,Berberis aquifolium,Berberis aquifolium,"Woods, thickets, and open exposed slopes.",,,
ssi,Berberidaceae,Berberis nervosa,Berberis nervosa,Open woods and thickets.,,,
ssi,Betulaceae,Alnus rubra,Alnus rubra,"Lowland early second growth, forest edges.",,,
ssi,Betulaceae,Corylus cornuta ssp. californica,Corylus cornuta californica,"TRA Ganges, Beaver Point 1957, Ganges 1958.",,,
ssi,Blechnaceae,Struthiopteris spicant,Struthiopteris spicant,"Common in mesic to subhygric forest, usually with North exposure.",,,
ssi,Blechnaceae,Woodwardia fimbriata,Woodwardia fimbriata,"2.5 KM SOUTHEAST OF MUSGRAVE POINT. Occurrence Data: 2014-05-19: 2 subpopulations with 20 plants found at the eastern subpopulation (R. Batten and T. McIntosh, pers. comm. 2014). 2013-05-16: 28-33 plants over 2 subpopulations (SSIC 2016)",,,
ssi,Boraginaceae,Amsinckia menziesii,Amsinckia menziesii,"Dry, open places, waste ground.",,,
ssi,Boraginaceae,Borago officinalis,Borago officinalis,iNaturalist report Horel Rd 2019.,,,
ssi,Boraginaceae,Echium vulgare,Echium vulgare,HJ Pasture and stock fields Walker Hook area 1979.,,,
ssi,Boraginaceae,Myosotis arvensis,Myosotis arvensis,Roadsides and waste areas.,,,
ssi,Boraginaceae,Myosotis discolor,Myosotis discolor,"Grassy bluffs, rocky meadows and disturbed open places.",,,
ssi,Boraginaceae,Myosotis laxa,Myosotis laxa,"Moist soils, fen edges and shallow water.",,,
ssi,Boraginaceae,Myosotis micrantha,Myosotis stricta,AC Mt Maxwell Park 1970.,,,
ssi,Boraginaceae,Myosotis scorpioides,Myosotis scorpioides,location?,,,
ssi,Boraginaceae,Nemophila parviflora var. parviflora,Nemophila parviflora parviflora,Moist open forest and edges.,,,
ssi,Boraginaceae,Nemophila pedunculata,Nemophila pedunculata,"Grassy ridges and bluffs, shoreline meadows.",,,
ssi,Boraginaceae,Phacelia linearis,Phacelia linearis,Grassy bluffs.,,,
ssi,Boraginaceae,Plagiobothrys scouleri,Plagiobothrys scouleri,"Calder (also RDB, TRA,HJ) Beaver Point 1961,",,,
ssi,Boraginaceae,Plagiobothrys tenellus,Plagiobothrys tenellus,Grassy bluffs. HJ Mt Tuam 1980.,,,
ssi,Brassicaceae,Arabidopsis thaliana,Arabidopsis thaliana,"Waste ground, gardens,",,,
ssi,Brassicaceae,Arabis eschscholtziana,Arabis eschscholtziana,"TRA Southy Point, Beaver Point,Mt Maxwell, St Marys Lake 1955, RDB Sister #2 Island 1971. Calder Mt Maxwell 1961.",,,
ssi,Brassicaceae,Athysanus pusillus,Athysanus pusillus,"AC Mt Maxwell 1970, GD Ganges 1976, HJ Reginald Hill 1980.",,,
ssi,Brassicaceae,Aubrieta deltoidea,Aubrieta deltoidea,Mt Belcher roadside iNaturalist report 2020.,,,
ssi,Brassicaceae,Barbarea orthoceras,Barbarea orthoceras,"Roadsides, wet ditches.",,,
ssi,Brassicaceae,Brassica rapa,Brassica rapa,"Waste ground, cultivated ground.",,,
ssi,Brassicaceae,Cakile maritima,Cakile maritima,Bennet Walker's Hook 2017.,,,
ssi,Brassicaceae,Capsella bursa-pastoris,Capsella bursa-pastoris,"Roadsides, cultivated ground.",,,
ssi,Brassicaceae,Cardamine nuttallii,Cardamine nuttallii,"Grassy ridges, open woodland.",,,
ssi,Brassicaceae,Cardamine occulta,Cardamine occulta,Dunnison iNaturalist observation Blackburn Rd 2020.,,,
ssi,Brassicaceae,Cardamine oligosperma,Cardamine oligosperma,"Cultivated ground, waste ground.",,,
ssi,Brassicaceae,Cardamine pensylvanica,Cardamine pensylvanica,"Wet to swampy ground, creeks.",,,
ssi,Brassicaceae,Draba verna,Draba verna,"Dry waste ground, roadsides,",,,
ssi,Brassicaceae,Erysimum cheiranthoides,Erysimum cheiranthoides,"TRA Mt Maxwell, ICS Churchill Road",,,
ssi,Brassicaceae,Hesperis matronalis,Hesperis matronalis,"HJ roadside Ganges-Vesuvius 1980, RDB Fulford 1971.Clement Weston Lake 1979.",,,
ssi,Brassicaceae,Hornungia procumbens,Hornungia procumbens,"TRA Booth Inlet, Young 1963 no location given. HJ observed Booth Inlet 1982 - no collection.",,,
ssi,Brassicaceae,Idahoa scapigera,Idahoa scapigera,"HJ Mt Tuam, Mt Maxwell1980.",,,
ssi,Brassicaceae,Lepidium campestre,Lepidium campestre,Thompson Broadwell Rd iNaturalist report 2020. Scurtescu Wilkie Way iNaturalist report 2020.,,,
ssi,Brassicaceae,Lepidium sativum,Lepidium sativum,TRA Beaver Point date?,,,
ssi,Brassicaceae,Lepidium virginicum,Lepidium virginicum,"Grassy bluffs, dry sandy ground.",,,
ssi,Brassicaceae,Nasturtium officinale,Nasturtium officinale,Ditches and ponds.TRA Booth Canal 1955.,,,
ssi,Brassicaceae,Raphanus raphanistrum,Raphanus raphanistrum,Meadows and waste ground.,,,
ssi,Brassicaceae,Rorippa palustris,Rorippa palustris,HJ farm pond Booth Canal area 1979.,,,
ssi,Brassicaceae,Rorippa sylvestris,Rorippa sylvestris,"Waste land, storm drain downtown Ganges HJ 1979.",,,
ssi,Brassicaceae,Sisymbrium altissimum,Sisymbrium altissimum,Cultivated ground and moist waste land.,,,
ssi,Brassicaceae,Sisymbrium officinale,Sisymbrium officinale,Aagricultural weed throughout.,,,
ssi,Brassicaceae,Teesdalia nudicaulis,Teesdalia nudicaulis,"Roadsides, parking areas, especially view areas, sandy ground.",,,
ssi,Brassicaceae,Thlaspi arvense,Thlaspi arvense,"Gardens, farm yards.",,,
ssi,Brassicaceae,Thysanocarpus curvipes,Thysanocarpus curvipes,Grassy bluffs and ledges.,,,
ssi,Brassicaceae,Turritis glabra,Turritis glabra,Grassy bluffs and ledges.,,,
ssi,Cactaceae,Opuntia fragilis,Opuntia fragilis,"Grassy bluffs and ledges, rocky islets.",,,
ssi,Campanulaceae,Campanula medium,Campanula medium,Cultivated Bellflowers not reported for Saltspring.,,,
ssi,Campanulaceae,Campanula scouleri,Campanula scouleri,"Open forest, ridgelines.",,,
ssi,Campanulaceae,Heterocodon rariflorus,Heterocodon rariflorum,HJ Bryant Hill Park date?,,,
ssi,Campanulaceae,Lobelia dortmanna,Lobelia dortmanna,"TRA St Marys Lake, PDW St Marys Lake 1976, HJ St Marys Lake abundant 1981.",,,
ssi,Campanulaceae,Triodanis perfoliata,Triodanis perfoliata,"Open, grassy bluffs and ledges.",,,
ssi,Cannabaceae,Humulus lupulus var. lupulus,Humulus lupulus lupulus,"Disturbed, recently logged ground Fulford Valley.",,,
ssi,Caprifoliaceae,Centranthus ruber,Centranthus ruber,Long Harbour Rd 2019 iNaturalist report.,,,
ssi,Caprifoliaceae,Dipsacus fullonum,Dipsacus fullonum,HJ Burgoyne Valley roadside ditches 1981. Rainbow Road and Booth Canal obs 1982.,,,
ssi,Caprifoliaceae,Linnaea borealis ssp. longiflora,Linnaea borealis longiflora,"Open, mesic forest.",,,
ssi,Caprifoliaceae,Lonicera ciliosa,Lonicera ciliosa,"Open, mesic forest.",,,
ssi,Caprifoliaceae,Lonicera hispidula,Lonicera hispidula,Mesic forest.,,,
ssi,Caprifoliaceae,Lonicera involucrata var. involucrata,Lonicera involucrata involucrata,"TRA Cusheon Lake, Ganges date?",,,
ssi,Caprifoliaceae,Plectritis congesta,Plectritis congesta,"Rocky shorelines and cliffs, grassy bluffs",,,
ssi,Caprifoliaceae,Plectritis macrocera,Plectritis macrocera,Mt Maxwell Cameron 2019 iNaturalist report. Thompson Broadwell Rd 2020 iNaturalist report.,,,
ssi,Caprifoliaceae,Symphoricarpos albus,Symphoricarpos albus,"Open ground, woods, and thickets.",,,
ssi,Caprifoliaceae,Symphoricarpos mollis var. hesperius,Symphoricarpos mollis hesperius,Moist mixed forest edge and adjacent gravelly slopes.,,,
ssi,Caprifoliaceae,Valerianella locusta,Valerianella locusta,"TRA Brackman Island, Fulford Harbour HJ Beaver Point 1980.",,,
ssi,Caryophyllaceae,Arenaria serpyllifolia,Arenaria serpyllifolia,"Dry, open bluffs, dry slopes.",,,
ssi,Caryophyllaceae,Cerastium arvense ssp. strictum,Cerastium arvense strictum,Grassy bluffs; rocky hillsides and dry to moist grassland.,,,
ssi,Caryophyllaceae,Cerastium brachypodum,Cerastium brachypodum,TRA Beaver Point,,,
ssi,Caryophyllaceae,Cerastium fontanum ssp. vulgare,Cerastium holosteoides,Lawns and gardens; weedy and common throughout.,,,
ssi,Caryophyllaceae,Cerastium glomeratum,Cerastium glomeratum,"Disturbed ground, fields and waste places throughout.",,,
ssi,Caryophyllaceae,Dianthus deltoides,Dianthus deltoides,"TRA Ganges 1957, Wilson Ganges 1960.",,,
ssi,Caryophyllaceae,Lychnis coronaria,Silene coronaria,"Roadsides and waste ground, spreading agressivly into native bluff grasslands.",,,
ssi,Caryophyllaceae,Moehringia macrophylla,Moehringia macrophylla,Shaded to open woods and rocky slopes.,,,
ssi,Caryophyllaceae,Moenchia erecta,Moenchia erecta,FL Ruckle Park 1996.,,,
ssi,Caryophyllaceae,Sabulina macra,Sabulina macra,"HJ Mt Erskine 1980, HJ Mt Maxwell 1980..",,,
ssi,Caryophyllaceae,Sabulina rubella,Sabulina rubella,"Exposed rocky ridge, M Erskin HJ 1980.",,,
ssi,Caryophyllaceae,Sagina apetala,Sagina apetala,"FL 2002 Ganges, waterfront strip mall south of wharf, south of Centennial Park.",,,
ssi,Caryophyllaceae,Sagina decumbens ssp. occidentalis,Sagina decumbens occidentalis,"FL Ruckle Park 2002. Seaside depressions on rocky shore with Plantago bigelovii, Poa annua.",,,
ssi,Caryophyllaceae,Sagina maxima ssp. crassicaulis,Sagina maxima crassicaulis,"Hardy Ganges 1949, TRA Fulford rocky cliffs 1960.",,,
ssi,Caryophyllaceae,Sagina procumbens,Sagina procumbens,"TRA Beaver Point 1955, Mt Tuam 1957.",,,
ssi,Caryophyllaceae,Sagina saginoides,Sagina saginoides,TRA Fulford.,,,
ssi,Caryophyllaceae,Silene antirrhina,Silene antirrhina,Grassy bluffs.,,,
ssi,Caryophyllaceae,Silene gallica,Silene gallica,"TRA Beaver Point 1957, HLR Mt Maxwell 2017. Grassy bluffs, occasionaly cultivated ground",,,
ssi,Caryophyllaceae,Silene latifolia,Silene latifolia,Roadsides and waste ground.,,,
ssi,Caryophyllaceae,Silene scouleri,Silene scouleri,HLR Mt Tuam 2007-2018. AC Mt Tzuhalem 2000.,,,
ssi,Caryophyllaceae,Silene vulgaris,Silene vulgaris,"TRA Fernwood, Fulford 1956, Lady Minto 1959, also Ganges",,,
ssi,Caryophyllaceae,Spergula arvensis,Spergula arvensis,"Cultivated land, gardens, waste ground.",,,
ssi,Caryophyllaceae,Spergularia canadensis var. occidentalis,Spergularia canadensis occidentalis,Tidal mud flats.,,,
ssi,Caryophyllaceae,Spergularia macrotheca,Spergularia macrotheca,"Mud flats and salt marshes,",,,
ssi,Caryophyllaceae,Spergularia rubra,Spergularia rubra,Roadside and waste ground.,,,
ssi,Caryophyllaceae,Spergularia salina,Spergularia marina,"Mud flats and salt marshes,",,,
ssi,Caryophyllaceae,Stellaria borealis ssp. sitchana,Stellaria borealis sitchana,"Edges of fens, lakes and other wetlands.",,,
ssi,Caryophyllaceae,Stellaria crispa,Stellaria crispa,"Deep, moist woods and stream banks.",,,
ssi,Caryophyllaceae,Stellaria graminea,Stellaria graminea,TRA Stewart Lake 1956,,,
ssi,Caryophyllaceae,Stellaria longipes,Stellaria longipes,location?,,,
ssi,Caryophyllaceae,Stellaria media,Stellaria media,Disturbed moist ground.,,,
ssi,Caryophyllaceae,Stellaria nitens,Stellaria nitens,Grassy bluffs and gravelly soil.,,,
ssi,Celastraceae,Paxistima myrsinites,Paxistima myrsinites,Rocky ledges in forest.,,,
ssi,Ceratophyllaceae,Ceratophyllum demersum,Ceratophyllum demersum,"TRA Cusheon Lake, Warrington Bullocks Lake, Ford Lake",,,
ssi,Ceratophyllaceae,Ceratophyllum echinatum,Ceratophyllum echinatum,"Warrington Ford Lake, Bullocks Lake 1978.",,,
ssi,Convolvulaceae,Calystegia sepium,Calystegia sepium,"Moist soils, along roads, ditches, hedgerows and waste places.",,,
ssi,Convolvulaceae,Convolvulus arvensis,Convolvulus arvensis,Fields and disturbed ground.,,,
ssi,Convolvulaceae,Cuscuta pacifica var. pacifica,Cuscuta pacifica pacifica,On Salicornia in salt marshes.,,,
ssi,Cornaceae,Cornus nuttallii,Cornus nuttallii,Mesic forest.,,,
ssi,Cornaceae,Cornus occidentalis,Cornus sericea occidentalis,Harrington Rainbow Beach 1950.,,,
ssi,Cornaceae,Cornus stolonifera,Cornus sericea,"Moist places along streams, lakes and boggy areas.",,,
ssi,Crassulaceae,Crassula tillaea,Crassula tillaea,FL Beaver Point 2002.,,,
ssi,Crassulaceae,Sedum acre,Sedum acre,"RDB Fulford, rocks above sea 1971.",,,
ssi,Crassulaceae,Sedum album,Sedum album,"Beaver Point, Beddis Rd, Long Harbour Rd iNaturalist reports 2019-2020.",,,
ssi,Crassulaceae,Sedum lanceolatum,Sedum lanceolatum,Grassy bluff ledges. TRA Beaver Point 1957.,recorded by HJ: Sedum lanceolatum var. nesioticum; Sedum lanceolatum var. nesioticum not recognized in FPNW2,,
ssi,Crassulaceae,Sedum spathulifolium,Sedum spathulifolium,"Coastal cliffs, ledges, and rocky outcrops.",,,
ssi,Cucurbitaceae,Marah oreganus,Marah oregana,TRA Fulford above St Pauls church - not relocated 2003-2004.,,,
ssi,Cupressaceae,Juniperus scopulorum,Juniperus scopulorum,"Rocky points, low, open south shorelines. Some reports as J. maritima.",,"""Genetically this is J. maritima, but you follow the Flora of the PNW (2nd Ed.) so this is fine with the note they are the same thing."" FL E-Flora BC and other PNW collections are using J. maritima",
ssi,Cupressaceae,Thuja plicata,Thuja plicata,"Moist bottom lands to rarely dry, exposed ridges; common throughout.",,,
ssi,Cyperaceae,Bolboschoenus maritimus ssp. paludosus,Bolboschoenus maritimus paludosus,HJ Long Harbour 1983.,,,
ssi,Cyperaceae,Carex aquatilis var. dives,Carex aquatilis dives,HJ Mt Bruce boggy lake edges. Weston Lake TRA 1955.,,,
ssi,Cyperaceae,Carex arcta,Carex arcta,Sedge fens and bogs throughout.,,,
ssi,Cyperaceae,Carex aurea,Carex aurea,"Wet, sedgey meadows.",,,
ssi,Cyperaceae,Carex canescens ssp. canescens,Carex canescens canescens,Lake shores and floating vegetation mats,,,
ssi,Cyperaceae,Carex cusickii,Carex cusickii,"St. Mary's Lake, shoreline fens.ICS Maxwell Rd 1975",,,
ssi,Cyperaceae,Carex deweyana,Carex deweyana,Common moist woodland. =Carex leptopoda? See Wilson et al. (2008),,,
ssi,Cyperaceae,Carex echinata,Carex echinata,"Sedge fens, TRA Weston Lake 1955.",,,
ssi,Cyperaceae,Carex exsiccata,Carex exsiccata,Sedge fens and lake margins.,,"""C. vesicaria not = C. exsiccata – edited to exsiccata relatively widespread, C. vesicaria relatively less common."" HJ",
ssi,Cyperaceae,Carex feta,Carex feta,"Beaver Point, TRA 1957,Blackburn Lake, Sedgy hay field, Burgoyne Bay. FL wet field north of Vesuvius 2010.",,,
ssi,Cyperaceae,Carex flava,Carex flava,Maxwell Lake TRA,,,
ssi,Cyperaceae,Carex hassei,Carex hassei,TRA Cusheon Lake 1957.,,,
ssi,Cyperaceae,Carex hendersonii,Carex hendersonii,Moist Alder-Sword Fern woodlands.,,,
ssi,Cyperaceae,Carex hoodii,Carex hoodii,"FL Mount Maxwell, west slope near north edge of ecological reserve, wet area at wide flat ledge on Garry oak slope with Carex inops, weedy grasses 1999.",,,
ssi,Cyperaceae,Carex inops ssp. inops,Carex inops inops,"Open, south facing bluffs, grassy slopes.",,,
ssi,Cyperaceae,Carex interior,Carex interior,C. Clement collection location?,,,
ssi,Cyperaceae,Carex kelloggii var. impressa,Carex kelloggii impressa,Wet meadows and bogs SSI location?,,,
ssi,Cyperaceae,Carex kelloggii var. limnophila,Carex kelloggii limnophila,Lowland sedge fens.,,,
ssi,Cyperaceae,Carex leporina,Carex leporina,Moist meadows and fields; TRA Roberts Lake.,,,
ssi,Cyperaceae,Carex leptopoda,Carex leptopoda,TRA Isabella Point 1956.,,,
ssi,Cyperaceae,Carex lyngbyei ssp. cryptocarpa,Carex lyngbyei,"Seepy, protected shoreline.",not in FPNW2,,
ssi,Cyperaceae,Carex macloviana,Carex macloviana,1971 R.D. Bird overgrazed sheep pasture Mt Bruce area and Isabella Point.,,"""I would delete these until confirmed. They are all doubtful to me: C. macloviana (northern species and in alpine in extreme SC BC - not the same as C. pachystachya)."" FL ""Will recheck all macloviana vouchers for Saanich at V."" HJ",
ssi,Cyperaceae,Carex obnupta,Carex obnupta,"Sedge fens, common throughout.",,,
ssi,Cyperaceae,Carex pachystachya,Carex pachystachya,"Meadows, farm fields, moist forest.",,"""Note on original Saanich Pen C. festivella entry, all now C.p."" HJ",
ssi,Cyperaceae,Carex pellita,Carex pellita,Reported from Maxwell Lake and Mt Bruce. Vouchers?,,,
ssi,Cyperaceae,Carex praticola,Carex praticola,"TRA collection 1955, Ganges. Confirmed RTO.",,,
ssi,Cyperaceae,Carex stipata,Carex stipata,ICS location? Dunnison Duck Creek Park iNaturalist observation 2021.,,,
ssi,Cyperaceae,Carex sylvatica,Carex sylvatica,"FL Meadows, roadside ditches Ruckle Park 2002.",,,
ssi,Cyperaceae,Carex unilateralis,Carex unilateralis,HJ Bullock's Lake.,,,
ssi,Cyperaceae,Carex utriculata,Carex utriculata,"Sedge fens, common.",,,
ssi,Cyperaceae,Carex viridula,Carex viridula,"TRA Weston lake, Stewart Lake, Lakes on Mt Bruce.",,,
ssi,Cyperaceae,Carex zikae,Carex zikae,"FL Mt Erskine 2002, RDB 1967.",,,
ssi,Cyperaceae,Dulichium arundinaceum,Dulichium arundinaceum,"Cusheon Lake, Weston Lake. Boggy lake shores Mt Bruce.",,,
ssi,Cyperaceae,Eleocharis palustris,Eleocharis palustris,"Shallow standing water, pond and lakes.",,,
ssi,Cyperaceae,Eriophorum chamissonis,Eriophorum chamissonis,"Boggy lake shore, Mt Bruce.",,,
ssi,Cyperaceae,Rhynchospora alba,Rhynchospora alba,"Boggy lake shores, Mt Bruce lakes.",,,
ssi,Cyperaceae,Schoenoplectus acutus,Schoenoplectus acutus,Lake margins and deep water fens.,,,
ssi,Cyperaceae,Scirpus microcarpus,Scirpus microcarpus,Fens and lake shores.,,,
ssi,Cystopteridaceae,Cystopteris fragilis,Cystopteris fragilis,"Shady woods, moist rocky north slopes. Fairly common.",,,
ssi,Cystopteridaceae,Gymnocarpium disjunctum,Gymnocarpium disjunctum,"RDB reported present, location unknown.",,,
ssi,Dennstaedtiaceae,Pteridium aquilinum var. pubescens,Pteridium aquilinum pubescens,"Partial shade to open, exposed places; common throughout. Occasional disturbed ground., exposed south facing bluffs",,,
ssi,Droseraceae,Drosera rotundifolia,Drosera rotundifolia,"TRA Cranberry Bog, HJ Lake on Mt Bruce 1975.",,,
ssi,Dryopteridaceae,Dryopteris carthusiana,Dryopteris carthusiana,TRA 1955. Location North Saltspring no detail.,,,
ssi,Dryopteridaceae,Dryopteris expansa,Dryopteris expansa,"Occasional shady, moist woods on decaying wood.",,,
ssi,Dryopteridaceae,Polystichum munitum,Polystichum munitum,"Shady, moist woods, wooded hillsides, open wet forests; widespread and very common in suitable habitats, lowlands and lower north slopes.",,,
ssi,Elaeagnaceae,Shepherdia canadensis,Shepherdia canadensis,Open fir forest.,,,
ssi,Equisetaceae,Equisetum arvense,Equisetum arvense,common throughout,,,
ssi,Equisetaceae,Equisetum hyemale ssp. affine,Equisetum hyemale affine,Common throughout shady edges of wetlands,,,
ssi,Equisetaceae,Equisetum telmateia ssp. braunii,Equisetum telmateia braunii,Widespread lowland wetlands and ditches.,,,
ssi,Ericaceae,Allotropa virgata,Allotropa virgata,"Open, mature upland forest.",,,
ssi,Ericaceae,Arbutus menziesii,Arbutus menziesii,Dry south slopes or shoreline forest.,,,
ssi,Ericaceae,Arctostaphylos columbiana,Arctostaphylos columbiana,Mt Maxwell summit ridge.,,,
ssi,Ericaceae,Arctostaphylos media,Arctostaphylos × media,"TRA Mt Maxwell 1955, HJ Mt Maxwell obs.",,,
ssi,Ericaceae,Arctostaphylos uva-ursi,Arctostaphylos uva-ursi,"HJ Mt Tuam, Mt Maxwell,Mt Bruce 1979.",,,
ssi,Ericaceae,Chimaphila umbellata ssp. umbellata,Chimaphila umbellata umbellata,Open or dense coniferous forest.,,,
ssi,Ericaceae,Gaultheria shallon,Gaultheria shallon,Mesic upland forest.,,,
ssi,Ericaceae,Hemitomes congestum,Hemitomes congestum,McDonald iNaturalist Mt Erskine observation 2019.,,,
ssi,Ericaceae,Kalmia microphylla var. occidentalis,Kalmia microphylla occidentalis,TRA Cranberry Bog 1971.,,,
ssi,Ericaceae,Monotropa hypopitys,Monotropa hypopitys,ICS Mt Erskine 1977. confirmed Gary Wallace.,,,
ssi,Ericaceae,Monotropa uniflora,Monotropa uniflora,Open Fir forest.,,,
ssi,Ericaceae,Pterospora andromedea,Pterospora andromedea,TRA thick woods above Cranberry Bog 1957.,,,
ssi,Ericaceae,Pyrola aphylla,Pyrola aphylla,TRA Burgoyne Bay 1956.,,,
ssi,Ericaceae,Pyrola asarifolia,Pyrola asarifolia,"TRA Beaver Point 1955, Burgoyne Bay and Isabella Point 1956",,,
ssi,Ericaceae,Pyrola picta,Pyrola picta,"TRA Isabella Point, Burgoyne Bay 1956, Occasional in higher elevation forest.",,,
ssi,Ericaceae,Rhododendron groenlandicum,Rhododendron groenlandicum,TRA Cranberry Bog 1957. HJ Mt Bruce wetland 1979.,,,
ssi,Ericaceae,Vaccinium ovatum,Vaccinium ovatum,TRA Booth Bay 1956.,,,
ssi,Ericaceae,Vaccinium oxycoccos,Vaccinium oxycoccos,"TRA Cranberry Bog 1957, HJ Mt Bruce bog 1979.",,,
ssi,Ericaceae,Vaccinium parvifolium,Vaccinium parvifolium,On raw humus and decaying wood in coniferous forest.,,,
ssi,Euphorbiaceae,Euphorbia cyparissias,Euphorbia cyparissias,location?,,,
ssi,Euphorbiaceae,Euphorbia peplus,Euphorbia peplus,"Gardens, flower beds, waste land.",,,
ssi,Fabaceae,Acmispon denticulatus,Acmispon denticulatus,TRA Burgoyne Bay,,,
ssi,Fabaceae,Acmispon parviflorus,Acmispon parviflorus,"Grassy bluffs, roadsides.",,,
ssi,Fabaceae,Cytisus scoparius,Cytisus scoparius,"Roadsides, dry grassland, bluffs, spreading from disturbed ground.",,,
ssi,Fabaceae,Laburnum anagyroides,Laburnum anagyroides,Several iNaturalist reports for area.,,,
ssi,Fabaceae,Lathyrus japonicus,Lathyrus japonicus,Sandy beaches and shoreline.,,,
ssi,Fabaceae,Lathyrus latifolius,Lathyrus latifolius,"Along roads, waste land.",,,
ssi,Fabaceae,Lathyrus nevadensis var. nevadensis,Lathyrus nevadensis nevadensis,"Open, mesic woodland.",,,
ssi,Fabaceae,Lathyrus sylvestris,Lathyrus sylvestris,ICS Fulford. Burgoyne Bay iNaturalist report 2020.,,,
ssi,Fabaceae,Lotus corniculatus,Lotus corniculatus,"Roadsides, lawns, waste areas.",,,
ssi,Fabaceae,Lupinus arboreus,Lupinus arboreus,"Roadsides, waste ground. RDB Ganges 1971, TRA Fulford 1958",,,
ssi,Fabaceae,Lupinus bicolor,Lupinus bicolor,"Grassy bluffs, grassy shoreline ledges.",,,
ssi,Fabaceae,Lupinus polyphyllus,Lupinus polyphyllus,Roadsides; moist ground; included in Highways bank seeding. vars?,,,
ssi,Fabaceae,Medicago arabica,Medicago arabica,"FL Fulford Harbour, Drummond Park 2010.",,,
ssi,Fabaceae,Medicago lupulina,Medicago lupulina,TRA Beaver Point.,,,
ssi,Fabaceae,Medicago polymorpha,Medicago polymorpha,Luft Lyoness Rd iNaturalist report 2020.,,,
ssi,Fabaceae,Medicago sativa,Medicago sativa,"Farm fields, pasture.",,,
ssi,Fabaceae,Melilotus albus,Melilotus albus,"Roadsides, waste land, beaches.",,,
ssi,Fabaceae,Melilotus officinalis,Melilotus officinalis,"Roadsides, waste ground.",,,
ssi,Fabaceae,Trifolium arvense,Trifolium arvense,Dry roadside verges.,,,
ssi,Fabaceae,Trifolium campestre,Trifolium campestre,"Lawns, roadsides, waste places.",,,
ssi,Fabaceae,Trifolium dichotomum,Trifolium dichotomum,"Grassy, south facing bluffs",,,
ssi,Fabaceae,Trifolium dubium,Trifolium dubium,"Lawns, pasture and waste grounds throughout.",,,
ssi,Fabaceae,Trifolium hybridum,Trifolium hybridum,"Roadsides, pasture, fields,",,,
ssi,Fabaceae,Trifolium incarnatum,Trifolium incarnatum,iNaturalist report Musgrave Rd 2019,,,
ssi,Fabaceae,Trifolium microcephalum,Trifolium microcephalum,Grassy bluffs and ledges.,,,
ssi,Fabaceae,Trifolium microdon,Trifolium microdon,"Bluffs, slopes on sandy or rocky soil.",,,
ssi,Fabaceae,Trifolium oliganthum,Trifolium oliganthum,"Bluff, grassland on dry, rocky soils.",,,
ssi,Fabaceae,Trifolium pratense,Trifolium pratense,"Moist roadsides, lawn, meadows.",,,
ssi,Fabaceae,Trifolium repens,Trifolium repens,"Lawns, pastures, roadsides, waste areas.",,,
ssi,Fabaceae,Trifolium striatum,Trifolium striatum,FL Long Harbour ferry terminal.,,,
ssi,Fabaceae,Trifolium subterraneum,Trifolium subterraneum,FL Cusheon Lake 2002.,,,
ssi,Fabaceae,Trifolium variegatum,Trifolium variegatum,"Grassy banks just above sea, grassy bluffs.",,,
ssi,Fabaceae,Trifolium willdenovii,Trifolium willdenovii,"Bluff, grassland on dry, rocky soils.",,,
ssi,Fabaceae,Trifolium wormskioldii,Trifolium wormskioldii,"TRA Ganges, HJ Booth Canal.",,,
ssi,Fabaceae,Ulex europaeus,Ulex europaeus,"Waste ground, shoreline banks, disturbed ground on ridges.",,,
ssi,Fabaceae,Vicia americana,Vicia americana,"Dry, open woods.",,,
ssi,Fabaceae,Vicia cracca,Vicia cracca,Roadsides and waste ground.,,,
ssi,Fabaceae,Vicia hirsuta,Vicia hirsuta,"Roadsides, disturbed ground.",,,
ssi,Fabaceae,Vicia lathyroides,Vicia lathyroides,"Long, Musgrave Landing. FL Mt Tuam 1999, HLR Ruckle Park 1999.",,,
ssi,Fabaceae,Vicia nigricans var. gigantea,Vicia gigantea,"Open forest and gulleys near salt water, wet brackish or saline places.",,,
ssi,Fabaceae,Vicia sativa,Vicia sativa,"Roadsides, disturbed ground.",,,
ssi,Fabaceae,Vicia tetrasperma,Vicia tetrasperma,"Roadsides, cultivated ground, weedy areas.",,,
ssi,Fabaceae,Vicia villosa,Vicia villosa,"Roadside, fields, ddisturbed areas.",,,
ssi,Fagaceae,Quercus garryana,Quercus garryana,"Exposed bulffs, grassy slopes and islets. All islands. Never in mixed forest as on Saanich Peninsula.",,,
ssi,Gentianaceae,Centaurium erythraea,Centaurium erythraea,"Farm fields, meadows.",,,
ssi,Geraniaceae,Erodium cicutarium,Erodium cicutarium,Disturbed ground.,,,
ssi,Geraniaceae,Geranium bicknellii,Geranium bicknellii,ICS location? MCM collection?,,,
ssi,Geraniaceae,Geranium carolinianum,Geranium carolinianum,"Dry roadsides, dirt roads. HJ Deadman Islet 1996.",,,
ssi,Geraniaceae,Geranium lucidum,Geranium lucidum,"FL North Beach Rd, grassy roadside 2010. First BC record of this invasive species.",,,
ssi,Geraniaceae,Geranium molle,Geranium molle,"Roadside, lawns, waste places, open grassy bluffs",,,
ssi,Geraniaceae,Geranium purpureum,Geranium purpureum,Rose Reynolds Rd iNaturalist report 2020. No herbarium records for area found.,,,
ssi,Geraniaceae,Geranium robertianum,Geranium robertianum,Many iNaturalist reports for area.,,,
ssi,Grossulariaceae,Ribes bracteosum,Ribes bracteosum,Thompson Sunset Drive iNaturalist report 2019.,,,
ssi,Grossulariaceae,Ribes divaricatum var. divaricatum,Ribes divaricatum divaricatum,"Moist, open woods and thickets; occasional throughout.",,,
ssi,Grossulariaceae,Ribes lacustre,Ribes lacustre,"Shady lake edges, muddy places, damp forest floor.",,,
ssi,Grossulariaceae,Ribes lobbii,Ribes lobbii,"TRA St Marys Lake, Cusheon Lake 1955. Calder Mt Maxwell 1961. Common along roadside Mt Tuam area.",,,
ssi,Grossulariaceae,Ribes niveum,Ribes niveum,TRA Ganges 1959. Voucher at V labeled garden escape.,,,
ssi,Grossulariaceae,Ribes sanguineum,Ribes sanguineum,Open woodland; road verges.,,,
ssi,Haloragaceae,Myriophyllum verticillatum,Myriophyllum verticillatum,location?,,,
ssi,Hydrangeaceae,Philadelphus lewisii,Philadelphus lewisii,"Open, dry, wooded areas, talus slopes rock cliff bases.",,,
ssi,Hydrocharitaceae,Elodea canadensis,Elodea canadensis,"Occasional in ponds and sluggish waters. Farm ponds. St Mary Lake, Cusheon Lake.",,,
ssi,Hydrocharitaceae,Najas flexilis,Najas flexilis,"St Mary's Lake, Bullock Lake, Ford Lake, Stowell Lake,",,,
ssi,Hypericaceae,Hypericum anagalloides,Hypericum anagalloides,"Wetlands, bogs, bluff seeps.",,,
ssi,Hypericaceae,Hypericum perforatum,Hypericum perforatum,"Roadsides, cultivated land, waste places.",,,
ssi,Iridaceae,Iris germanica,Iris × germanica,Persistant.,,,
ssi,Iridaceae,Iris pseudacorus,Iris pseudacorus,"Ponds, fens and roadside ditches.",,,
ssi,Iridaceae,Sisyrinchium californicum,Sisyrinchium californicum,A&O Ceska location? Mt Tuam highland area?,,,
ssi,Iridaceae,Sisyrinchium idahoense,Sisyrinchium idahoense,Wet grassy meadows. Vars. ?,,,
ssi,Isoetaceae,Isoetes nuttallii,Isoetes nuttallii,Abundant throughout Beaver Point camping area in wet seeps May 1996. McEwen SE of Musgrave Rock 2016.,,,
ssi,Isoetaceae,Isoetes occidentalis,Isoetes occidentalis,"Submerged in shallow water, St, Mary's Lake shore HJ August 1981. PDW St Mary's lake 1976.",,,
ssi,Isoetaceae,Isoetes tenella,Isoetes tenella,"Shallow water, shoreline St. Mary's Lake.",,,
ssi,Juncaceae,Juncus acuminatus,Juncus acuminatus,Fens and wetlands throughout. Collections Bullocks and Cusheon Lakes.,,,
ssi,Juncaceae,Juncus alpinoarticulatus,Juncus alpinoarticulatus,"St Mary Lake MCM and A&OC. V168274 Date: Sat, 14 Sep 1974 00:00:00 GMT Collector: Adolf Ceska; Oldriska Ceska",,,
ssi,Juncaceae,Juncus articulatus,Juncus articulatus,Fens and wet places throughout.,,,
ssi,Juncaceae,Juncus balticus,Juncus balticus,"Wet meadows, shoreline wetlands.",,,
ssi,Juncaceae,Juncus bolanderi,Juncus bolanderi,Roadside ditches and wetlands common throughout.,,,
ssi,Juncaceae,Juncus bufonius,Juncus bufonius,"Common throughout on wet, disturbed ground.",,,
ssi,Juncaceae,Juncus conglomeratus,Juncus conglomeratus,Zika roadside ditch Channel Ridge 2003.,,,
ssi,Juncaceae,Juncus effusus ssp. effusus,Juncus effusus effusus,"Common fens, wet meadows and fields throughout.",,"""Maybe follow the FPNW and list it as ssp. effusus from Europe. Subspecies solutus from east N.A. may also be in the area"" FL —""I have definitely been observing multiple ssp of Juncus effusus around, inc. Je.solutus, J.e.pacificus, and J.e.effusus. The list should be updated to included record of all these infrataxa—how to update comments?""",
ssi,Juncaceae,Juncus effusus ssp. pacificus,Juncus effusus pacificus,"Common fens, wet meadows and fields throughout.",,"""Maybe follow the FPNW and list it as ssp. effusus from Europe. Subspecies solutus from east N.A. may also be in the area"" FL —""I have definitely been observing multiple ssp of Juncus effusus around, inc. Je.solutus, J.e.pacificus, and J.e.effusus. The list should be updated to included record of all these infrataxa—how to update comments?""",
ssi,Juncaceae,Juncus ensifolius,Juncus ensifolius,"Common fens, wet meadows and fields throughout.",,,
ssi,Juncaceae,Juncus gerardii,Juncus gerardi,"Bedwell Harbour, Booth canal, ocean shore wetlands.",,,
ssi,Juncaceae,Juncus supiniformis,Juncus supiniformis,A&OC Roberts Lake 1978.,,,
ssi,Juncaceae,Juncus tenuis,Juncus tenuis,"Moist meadows, farm fields throughout.",,,
ssi,Juncaceae,Luzula campestris,Luzula campestris,RDB Mt Belcher 1971. Zika Ruckle Park sunny roadside 2010.,,,
ssi,Juncaceae,Luzula comosa var. laxa,Luzula comosa laxa,Along Dubois Road near Musgrave Road and Beaver Point Zika 2010. Mt Belcher R. Bird 1971.,,,
ssi,Juncaceae,Luzula macrantha,Luzula macrantha,Mt Maxwell and Mouat Park R. Bird 1971. Zika near Ruckle Park 2010.,,,
ssi,Juncaceae,Luzula multiflora,Luzula multiflora,"Open coniferous forests, lakeshore, bogs.",,,
ssi,Juncaceae,Luzula parviflora,Luzula parviflora,"TRA Beaver Point, HJ Maxwell Creek and Duck Creek",,,
ssi,Juncaceae,Luzula subsessilis,Luzula subsessilis,RDB Mt Erskin 1971 and Ruckel Park 1971.,,,
ssi,Juncaginaceae,Triglochin maritima,Triglochin maritima,Salt marshes; common along rocky and muddy shores throughout.,,,
ssi,Lamiaceae,Clinopodium douglasii,Clinopodium douglasii,"Dry, open woods throughout the area.",,,
ssi,Lamiaceae,Glechoma hederacea,Glechoma hederacea,"Persisting and marginally escaping, old gardens.",,,
ssi,Lamiaceae,Lamiastrum galeobdolon,Lamium galeobdolon,No herbarium reccords but listed by the Invasive Species Council of BC for Vancouver Island and Gulf Islands. Persistant and marginally spreading.,,,
ssi,Lamiaceae,Lamium purpureum,Lamium purpureum,"Roadsides, waste ground.",,,
ssi,Lamiaceae,Lycopus americanus,Lycopus americanus,TRA St Marys Lake date?,,,
ssi,Lamiaceae,Lycopus asper,Lycopus asper,ICS location? date? No coast records found.,,,
ssi,Lamiaceae,Lycopus uniflorus,Lycopus uniflorus,Marshes and fens.,,,
ssi,Lamiaceae,Marrubium vulgare,Marrubium vulgare,"Waste ground, occasionaly open, grassy bluffs.",,,
ssi,Lamiaceae,Melissa officinalis,Melissa officinalis,Roadsides and waste places.,,,
ssi,Lamiaceae,Mentha canadensis,Mentha canadensis,"Wet ground, fens and lake edges.",,,
ssi,Lamiaceae,Mentha spicata,Mentha spicata,"Occasionaly naturalizing, low, wet places.",,,
ssi,Lamiaceae,Nepeta cataria,Nepeta cataria,"HJ Burgoyne Valley, disturbed ground 1981.",,,
ssi,Lamiaceae,Origanum vulgare,Origanum vulgare,"TRA Fulford date? Luft iNaturalist report 2020, CricketFarm Blackburn Lake iNaturalist report 2020, Consumer Booth Canal iNaturalist report 2020.",,,
ssi,Lamiaceae,Prunella vulgaris,Prunella vulgaris,"Lawns, gardens, disturbed ground.",,,
ssi,Lamiaceae,Scutellaria galericulata,Scutellaria galericulata,"HJ Roberts Lake 1981, TRA St Marys Lake date?",,,
ssi,Lamiaceae,Scutellaria lateriflora,Scutellaria lateriflora,TRA report Stewart Lake - no voucher found.,,,
ssi,Lamiaceae,Stachys byzantina,Stachys byzantina,"RDB Reginald Hill 1971, TRA Fulford date?",,,
ssi,Lamiaceae,Stachys cooleyae,Stachys chamissonis cooleyae,"Streambanks, fens, ditches.",,,
ssi,Lentibulariaceae,Utricularia vulgaris ssp. macrorhiza,Utricularia macrorhiza,"HJ Sphagnum Lake near Mt Bruce 1979, also many lowland lakes including Bullocks.",,,
ssi,Liliaceae,Erythronium oregonum ssp. oregonum,Erythronium oregonum,"Grassy shorelines and points, rarely away from salt water.",,,
ssi,Liliaceae,Fritillaria affinis,Fritillaria affinis,"Grassy ridges, points usually near salt water.",,,
ssi,Liliaceae,Fritillaria camschatcensis,Fritillaria camschatcensis,"Goat Island, Ganges harbour TRA 1957.",,,
ssi,Liliaceae,Lilium columbianum,Lilium columbianum,"Damp, open woods and meadows, roadsides.",,,
ssi,Liliaceae,Prosartes hookeri,Prosartes hookeri,"Beaver Point TRA 1950. Fulford in creek drainage, south side of harbour. HJ April 1980.",,,
ssi,Liliaceae,Streptopus amplexifolius,Streptopus amplexifolius,TRA collections Mitchell Lake and Cranberry Bog 1957.,,,
ssi,Limnanthaceae,Limnanthes macounii,Limnanthes macounii,"AC Beaver Point, Elanore Point 1978.",,,
ssi,Lythraceae,Lythrum salicaria,Lythrum salicaria,"TRA Ganges 1957, HJ Ganges 1980.",,,
ssi,Malvaceae,Malva moschata,Malva moschata,"Waste ground, roadsides.",,,
ssi,Melanthiaceae,Toxicoscordion venenosum var. venenosum,Toxicoscordion venenosum venenosum,Grassy bluffs and ridges.,,,
ssi,Melanthiaceae,Trillium ovatum,Trillium ovatum,"Damp woods, on soil rich in humus.Cusheon Lake, Booth Bay, Ganges, St Marys Lake.",,,
ssi,Melanthiaceae,Veratrum viride,Veratrum viride,Locaton? Mt Tuam-Mt Bruce plateau.,,,
ssi,Menyanthaceae,Menyanthes trifoliata,Menyanthes trifoliata,"TRA St Marys Lake, HJ Weston Lake",,,
ssi,Montiaceae,Calandrinia ciliata,Calandrinia ciliata,"Grassy, south facing bulffs, shorline ridges.",,,
ssi,Montiaceae,Claytonia exigua ssp. exigua,Claytonia exigua exigua,"Dry, shady sandy ground. RDB summit of Mt Belcher.",,,
ssi,Montiaceae,Claytonia parviflora,Claytonia parviflora,TRA Beaver Point 1957.,,,
ssi,Montiaceae,Claytonia perfoliata,Claytonia perfoliata,"Open to shady, moist ground,; forming pure stands on slightly disturbed ground.",,,
ssi,Montiaceae,Claytonia rubra,Claytonia rubra,TRA Ganges 1955. HLR Mt Maxwell 1985.,,,
ssi,Montiaceae,Claytonia sibirica,Claytonia sibirica,Moist woods and thickets.,,,
ssi,Montiaceae,Montia dichotoma,Montia dichotoma,"Open, grassy slopes, mossy rock seeps on shorelines.",,,
ssi,Montiaceae,Montia fontana,Montia fontana,"Moist meadows, seeps, vernal pools, margins of pond",,,
ssi,Montiaceae,Montia howellii,Montia howellii,"Trails, lake shorelines, mossy rock outcrops. Sandy beach on St Mary's Lake, mossy, seepy rock at Ruckle Point. Rut in parking area at Ford Lake.",,,
ssi,Montiaceae,Montia linearis,Montia linearis,"Grassy bluffs, mossy seeps.",,,
ssi,Montiaceae,Montia parvifolia,Montia parvifolia,"Stream banks and shady seeps on rocky outcrops, isolated mossy boulders.","recorded by HJ: Montia parvifolia var. flagellaris, syn. M.parvifolia in FPNW2",,
ssi,Myricaceae,Myrica gale,Myrica gale,TRA Weston and Steward Lakes. HJ Bullocks Lake.,,,
ssi,Nyctaginaceae,Abronia latifolia,Abronia latifolia,Gatten iNaturalist report east end of Ganges Harbour 2017.,,,
ssi,Nymphaeaceae,Nuphar polysepala,Nuphar polysepala,Ponds and shallow lakes.,,,
ssi,Oleaceae,Fraxinus latifolia,Fraxinus latifolia,"Chytyk Kingfisher Cove on shell miden 2012. Penn Fulford 1996,",,,
ssi,Onagraceae,Chamaenerion angustifolium,Chamaenerion angustifolium,"Disturbed ground, burns",,,
ssi,Onagraceae,Circaea alpina ssp. pacifica,Circaea alpina pacifica,"Cool, damp woods.",,,
ssi,Onagraceae,Clarkia amoena,Clarkia amoena,Grassy bluffs.,,,
ssi,Onagraceae,Epilobium brachycarpum,Epilobium brachycarpum,"Roadsides, grassy bluffs.",,,
ssi,Onagraceae,Epilobium ciliatum,Epilobium ciliatum,"Wet meadows, fens, wet land edges.",,,
ssi,Onagraceae,Epilobium minutum,Epilobium minutum,"Grassy bluffs, ledges and banks. Straley Beddis Road 1991.",,,
ssi,Onagraceae,Epilobium palustre,Epilobium palustre,collector? location?,,,
ssi,Onagraceae,Ludwigia palustris,Ludwigia palustris,HJ Ford's Lake 1979 no collection.,,,
ssi,Onagraceae,Oenothera glazioviana,Oenothera glazioviana,RDB Fulford 1971.,,,
ssi,Ophioglossaceae,Sceptridium multifidum,Sceptridium multifidum,"Known from Maxwell Lake, St. Mary's Lake. ICS Cusheon Lake 1980.",,,
ssi,Orchidaceae,Calypso bulbosa var. occidentalis,Calypso bulbosa occidentalis,"Mossy spots, shaded mature forest.",,,
ssi,Orchidaceae,Cephalanthera austiniae,Cephalanthera austiniae,"Mt Tuam, Musgrave landing Donovan and Chytyk",,,
ssi,Orchidaceae,Corallorhiza maculata var. occidentalis,Corallorhiza maculata occidentalis,Moist or dry coniferous forest throughout. Several collections of var. ozettensis for island.,,,
ssi,Orchidaceae,Corallorhiza maculata var. ozettensis,Corallorhiza maculata ozettensis,"St Marys Lake McEwen 2016, Blackburn Lake McEwen 2014. Mt Tuam ER McEwen 2016.",,,
ssi,Orchidaceae,Dactylorhiza viridis,Dactylorhiza viridis,"TRA Russell Island, Fulford Harbour.",,,
ssi,Orchidaceae,Epipactis helleborine,Epipactis helleborine,D.L. Thompson Lepage Road 2020. Several locations iNaturalist.,,,
ssi,Orchidaceae,Goodyera oblongifolia,Goodyera oblongifolia,Moist or semidry moss floored coniferous forest; throughout.,,,
ssi,Orchidaceae,Neottia cordata,Neottia cordata,Common under dense Salal in second growth forests,,,
ssi,Orchidaceae,Platanthera dilatata,Platanthera dilatata,TRA Cranberry Bog.,,,
ssi,Orchidaceae,Platanthera elegans ssp. elegans,Platanthera elegans elegans,"Dry, open coniferous forest, McCutcheon north of Vesuvius 1994.",,,
ssi,Orchidaceae,Platanthera huronensis,Platanthera huronensis,"ICS personal collection, voucher not examined. Location?",,,
ssi,Orchidaceae,Platanthera stricta,Platanthera stricta,TRA Cranberry Bog.1957.,,,
ssi,Orchidaceae,Platanthera transversa,Platanthera transversa,HJ Mt Tuam 1980.,,,
ssi,Orchidaceae,Platanthera unalascensis,Platanthera unalascensis,"Grassy, open places, dry coniferous forests.",,,
ssi,Orchidaceae,Spiranthes romanzoffiana,Spiranthes romanzoffiana,"Open, grassy places and parklands.",,,
ssi,Orobanchaceae,Aphyllon californicum ssp. californicum,Aphyllon californicum californicum,"Parasitic on Grindelia, usually near shore line.",,,
ssi,Orobanchaceae,Aphyllon purpureum,Aphyllon purpureum,Parasitic on Sedum and occasionally on Lithophragma.,,,
ssi,Orobanchaceae,Bellardia viscosa,Bellardia viscosa,"Roadsides, farm fields, pasture.",,,
ssi,Orobanchaceae,Castilleja attenuata,Castilleja attenuata,"Open, grassy bluffs.",,,
ssi,Orobanchaceae,Castilleja hispida,Castilleja hispida,Grassy bluffs and ledges.,,,
ssi,Orobanchaceae,Castilleja miniata var. dixonii,Castilleja miniata dixonii,"TRA claim from Brackman Island, no voucher found.",,,
ssi,Orobanchaceae,Castilleja victoriae,Castilleja victoriae,Newcombe Mt Tuam 1923.,,,
ssi,Orobanchaceae,Kopsiopsis hookeri,Kopsiopsis hookeri,ICS location? McDonald north slope Mt Erskin iNaturalist observation 2020. Kings Rd iNaturalist observation 2020.,,,
ssi,Orobanchaceae,Rhinanthus minor ssp. groenlandicus,Rhinanthus groenlandicus,Meadows and grassy fields.,,,
ssi,Orobanchaceae,Triphysaria pusilla,Triphysaria pusilla,"Meadows, weedy lawns.",,,
ssi,Papaveraceae,Dicentra formosa,Dicentra formosa,"Moist roadside, Blackburn Road. HJ,TRA,RDB.",,,
ssi,Papaveraceae,Eschscholzia californica ssp. californica,Eschscholzia californica californica,Roadsides and waste ground.,,,
ssi,Papaveraceae,Meconella oregana,Meconella oregana,"Maslovat Mt Tuam 2010, 2012.",,,
ssi,Papaveraceae,Papaver somniferum,Papaver somniferum,Occasional escapee from cultivation.,,,
ssi,Phrymaceae,Erythranthe alsinoides,Erythranthe alsinoides,Grassy bluffs and ledges.,,,
ssi,Phrymaceae,Erythranthe guttata,Erythranthe guttata,"Seepy spots on grassy bluffs, occasionally roadside ditches.",,,
ssi,Phrymaceae,Erythranthe moschata,Erythranthe moschata,"Ponds, ditches with standing water.",,,
ssi,Phrymaceae,Erythranthe nasuta,Erythranthe nasuta,Benedict end of Isabella Road 1990.,,,
ssi,Phrymaceae,Erythranthe ptilota,Erythranthe ptilota,TRA Booth Canal 1955.,,,
ssi,Phrymaceae,Erythranthe sookensis,Erythranthe sookensis,GD 5.5 km SE of Ganges 1976.,not in FPNW2,,
ssi,Pinaceae,Abies grandis,Abies grandis,Moist lowland forest; locally common.,,,
ssi,Pinaceae,Picea sitchensis,Picea sitchensis,"Very rare, south east shore line forest.",,,
ssi,Pinaceae,Pinus contorta var. contorta,Pinus contorta contorta,"Dry, south exposed woodlands, dry north slopes",,,
ssi,Pinaceae,Pinus monticola,Pinus monticola,Absent from lowland forest. Occasional on high elevation plateau Mt Bruce to Mt Tuam.,,,
ssi,Pinaceae,Pseudotsuga menziesii,Pseudotsuga menziesii menziesii,Moist to dry areas; generally distributed throughout the forested areas.,,,
ssi,Pinaceae,Tsuga heterophylla,Tsuga heterophylla,"Upland, north facing slopes; common. Very rare on south slopes and mesic lowland forest.",,,
ssi,Plantaginaceae,Callitriche heterophylla var. bolanderi,Callitriche heterophylla bolanderi,"TRA Mitchel Lake, Cusheon Lake1957.",,,
ssi,Plantaginaceae,Callitriche palustris,Callitriche palustris,TRA Mitchell Lake date?- no voucher at Uvic,,,
ssi,Plantaginaceae,Collinsia grandiflora,Collinsia grandiflora,"Open, grassy bluffs.",,,
ssi,Plantaginaceae,Collinsia parviflora,Collinsia parviflora,"Open, grassy bluffs.",,,
ssi,Plantaginaceae,Cymbalaria muralis,Cymbalaria muralis,TRA Beaver Point date?,,,
ssi,Plantaginaceae,Digitalis purpurea,Digitalis purpurea,"Roadsides, waste places, logged ground.",,,
ssi,Plantaginaceae,Gratiola ebracteata,Gratiola ebracteata,ICS claim - no voucher found.,,,
ssi,Plantaginaceae,Gratiola neglecta,Gratiola neglecta,ICS claim - no voucher found.,,,
ssi,Plantaginaceae,Limosella aquatica,Limosella aquatica,DPW St Marys Lake date? voucher location?,,,
ssi,Plantaginaceae,Linaria dalmatica,Linaria dalmatica,lCS & RDB location? Dates? Canvasback Place iNaturalist report 2020.,,,
ssi,Plantaginaceae,Linaria purpurea,Linaria purpurea,Garden escapee.,,,
ssi,Plantaginaceae,Linaria vulgaris,Linaria vulgaris,TRA Fulford,,,
ssi,Plantaginaceae,Plantago coronopus,Plantago coronopus,AC Ruckle Park 2010.,,,
ssi,Plantaginaceae,Plantago elongata,Plantago elongata,"Grassy bluffs, rocky shoreline ledges.",,,
ssi,Plantaginaceae,Plantago lanceolata,Plantago lanceolata,"Lawns, waste ground, cultivated ground.",,,
ssi,Plantaginaceae,Plantago major,Plantago major,"Lawns, roadsides and disturbed ground.",,,
ssi,Plantaginaceae,Plantago maritima,Plantago maritima,Rocky shoreline and salt marshes.,,,
ssi,Plantaginaceae,Tonella tenella,Tonella tenella,"Open, rocky slopes above Sansum Narrows GD & FL. Also known from Maple Mountain, Mary Vine Creek, Sooke and talus and rocky bluffs above Elwah River, Olympic Peninsula.",,,
ssi,Plantaginaceae,Veronica americana,Veronica americana,"Standing water in ditches, fens and ponds",,,
ssi,Plantaginaceae,Veronica arvensis,Veronica arvensis,"Waste ground, grassy bluffs, disturbed ground",,,
ssi,Plantaginaceae,Veronica officinalis,Veronica officinalis,Roadsides and disturbed fields.,,,
ssi,Plantaginaceae,Veronica peregrina var. xalapensis,Veronica peregrina xalapensis,"Meadows, dirt roads, vernal wet spots.",,,
ssi,Plantaginaceae,Veronica persica,Veronica persica,"TRA Ganges, date?",,,
ssi,Plantaginaceae,Veronica scutellata,Veronica scutellata,"Fens, pond edges.",,,
ssi,Plantaginaceae,Veronica serpyllifolia,Veronica serpyllifolia,"Moist meadows, wet ground and disturbed sites.",,,
ssi,Plumbaginaceae,Armeria maritima ssp. californica,Armeria maritima californica,Anderson 1896 Chain Islands.,,,
ssi,Poaceae,Achnatherum lemmonii ssp. lemmonii,Eriocoma lemmonii lemmonii,"Open, grassy south facing bluffs",,,
ssi,Poaceae,Agrostis capillaris,Agrostis capillaris,Meadow and pasture throughou.,,,
ssi,Poaceae,Agrostis exarata,Agrostis exarata,Roadsides and fields.,,,
ssi,Poaceae,Agrostis gigantea,Agrostis gigantea,"Lawns, fields and roadsides.",,,
ssi,Poaceae,Agrostis microphylla,Agrostis microphylla,Roadside and at salt springs. TRA Beaver Point.,,,
ssi,Poaceae,Agrostis pallens,Agrostis pallens,"Dry upland pasture, roadsides.",,,
ssi,Poaceae,Agrostis scabra,Agrostis scabra,"Fens and bogs. HJ Mt Bruce, Mt Tuam, Lake Maxwell.",,,
ssi,Poaceae,Aira caryophyllea,Aira caryophyllea,"Open bluffs and grassy slopes, particularly where disturbed.",,,
ssi,Poaceae,Aira praecox,Aira praecox,"Open bluffs and grassy slopes, particularly where disturbed.",,,
ssi,Poaceae,Alopecurus aequalis,Alopecurus aequalis,Sphagnum lake shore east of Bruce Peak HJ 1979.,,,
ssi,Poaceae,Alopecurus carolinianus,Alopecurus carolinianus,"Mt Maxwell seepage area, McEwan.",,,
ssi,Poaceae,Alopecurus geniculatus,Alopecurus geniculatus,"TRA Walker Hook, Ganges, Mt Tuam.",,,
ssi,Poaceae,Alopecurus pratensis,Alopecurus pratensis,Wet meadows and fields. ICS Booth Canal. TRA Mt Tuam.,,,
ssi,Poaceae,Anthoxanthum odoratum,Anthoxanthum odoratum,"Grassy bluffs, dry fields, roadsides throughout.",,,
ssi,Poaceae,Apera interrupta,Apera interrupta,Darbyshire Mt Bruce 1983.,,,
ssi,Poaceae,Arrhenatherum elatius,Arrhenatherum elatius,"Dry meadows, farm fields and roadside,",,,
ssi,Poaceae,Avena sativa,Avena sativa,Occasionally introduced by highways.,,,
ssi,Poaceae,Bromus commutatus,Bromus commutatus,"Lomer, Douglas, Penny Mt Erskine 2002.",,,
ssi,Poaceae,Bromus diandrus,Bromus diandrus,"Roadside, grassy bluffs, disturbed ground.",,,
ssi,Poaceae,Bromus hordeaceus,Bromus hordeaceus,"Bluffs, roadside and waste ground.",,,
ssi,Poaceae,Bromus inermis,Bromus inermis,"Roadside, disturbed ground.",,,
ssi,Poaceae,Bromus pacificus,Bromus pacificus,ICS collection Roberts lake. TRA Southey Point.,,,
ssi,Poaceae,Bromus sitchensis,Bromus sitchensis,Var. aleutensis and marginatus,,,
ssi,Poaceae,Bromus sitchensis var. aleutensis,Bromus sitchensis aleutensis,"Forest edges, bluffs, roadsides. Ganges RDB",,,
ssi,Poaceae,Bromus sitchensis var. carinatus,Bromus carinatus,"Shoreline bluffs, roadsides and waste places. LEP report var. marginatus (Neese ex Steud.) B. Boivin from Mt Tuam.",,,
ssi,Poaceae,Bromus sterilis,Bromus sterilis,"Fields, roadside and waste places throughout.",,,
ssi,Poaceae,Bromus tectorum,Bromus tectorum,"Roadsides, banks, and waste places.",,,
ssi,Poaceae,Bromus vulgaris,Bromus vulgaris,"Open woodland, trails.",,,
ssi,Poaceae,Calamagrostis canadensis,Calamagrostis canadensis,Var. langsdorfii HJ Bruce Peak,,,
ssi,Poaceae,Cinna latifolia,Cinna latifolia,Ruckle Park Ray July 1976,,,
ssi,Poaceae,Cynosurus cristatus,Cynosurus cristatus,"Fields, roadsides and waste places; common throughout.",,,
ssi,Poaceae,Cynosurus echinatus,Cynosurus echinatus,Roadside and waste ground. Spreading into grassy bluffs.,,,
ssi,Poaceae,Dactylis glomerata,Dactylis glomerata,"Farm fields, roadsides and grassy bluffs.",,,
ssi,Poaceae,Danthonia californica,Danthonia californica,Grassy ridges and bluffs.,,,
ssi,Poaceae,Danthonia intermedia,Danthonia intermedia,"Reginald Hill, Saltspring Island. Saltspring HRL location verified HJ",,,
ssi,Poaceae,Deschampsia danthonioides,Deschampsia danthonioides,Calder & MacKay Isabella Point 1961,,,
ssi,Poaceae,Deschampsia elongata,Deschampsia elongata,"Roadside, disturbed and waste ground.",,,
ssi,Poaceae,Dichanthelium oligosanthes ssp. scribnerianum,Dichanthelium scribnerianum,HJ Reginald Hill 2003.,,,
ssi,Poaceae,Distichlis spicata,Distichlis spicata,Shoreline and strand.,,,
ssi,Poaceae,Echinochloa crus-galli,Echinochloa crus-galli,Boat ramp Blackburn Lake HJ 2000.,,,
ssi,Poaceae,Elymus glaucus,Elymus glaucus,Open woods and dry hillside throughout.,,,
ssi,Poaceae,Elymus repens,Elymus repens,Fields and waste places.,,,
ssi,Poaceae,Festuca occidentalis,Festuca occidentalis,"Shady, moss-floored forest, common.",,,
ssi,Poaceae,Festuca roemeri,Festuca roemeri,Grassy bluffs.,,,
ssi,Poaceae,Festuca rubra,Festuca rubra,Grassy bluffs and hillsides throughout.,,,
ssi,Poaceae,Festuca subulata,Festuca subulata,"Moist, shady forest throughout.",,,
ssi,Poaceae,Festuca subuliflora,Festuca subuliflora,Dry Douglas Fir forest throughout.,,,
ssi,Poaceae,Glyceria borealis,Glyceria borealis,Weston Lake HJ,,,
ssi,Poaceae,Glyceria elata,Glyceria elata,"RDB Mt Maxwell 1970, Darbyshire Musgrave Rd 1988, HJ Mt Tuam 1979, 2002",,,
ssi,Poaceae,Glyceria grandis,Glyceria grandis,ICS Duck Creek 1975,,,
ssi,Poaceae,Glyceria leptostachya,Glyceria leptostachya,"GD Duck Creek , F Lomer pond on Sunset Drive 2010.",,,
ssi,Poaceae,Glyceria striata,Glyceria striata,RDB Mt Maxwell. Darbyshire 1988 Musgrave Rd. TRA 1957 Cranberry Bog and Beaver Pt Community Hall. HJ Roberts Lake 1981,,,
ssi,Poaceae,Holcus lanatus,Holcus lanatus,"Meadows, Farm fields disturbed groun throughout",,,
ssi,Poaceae,Hordeum brachyantherum,Hordeum brachyantherum,"Wet meadows and salt marshes. TRA Burgoyne Bay, Southey Point, Brackman Island, Beaver Point.",,,
ssi,Poaceae,Hordeum jubatum ssp. jubatum,Hordeum jubatum jubatum,"Booth Canal HJ, Fulford TRA.",,,
ssi,Poaceae,Hordeum murinum ssp. leporinum,Hordeum murinum leporinum,see H. m. ssp. Leporinum,,,
ssi,Poaceae,Hordeum murinum ssp. murinum,Hordeum murinum murinum,"Roadsides and waste ground throughout,",,,
ssi,Poaceae,Koeleria macrantha,Koeleria macrantha,Grassy bluffs and ledges.,,,
ssi,Poaceae,Leymus mollis ssp. mollis,Leymus mollis mollis,Rocky shorelines.,,,
ssi,Poaceae,Lolium multiflorum,Lolium multiflorum,"Roadside, farm fields, meadows and disturbed ground.",,,
ssi,Poaceae,Lolium perenne,Lolium perenne,"Roadside, farm fields, meadows and disturbed ground.",,,
ssi,Poaceae,Melica harfordii,Melica harfordii,Dry Fir-Arbutus forest.,,,
ssi,Poaceae,Melica subulata,Melica subulata,"Shady to open coniferous forest, trails;",,,
ssi,Poaceae,Panicum miliaceum ssp. ruderale,Panicum miliaceum ruderale,HLR Channel Ridge 2004.,,,
ssi,Poaceae,Phalaris arundinacea,Phalaris arundinacea,"Wet meadows, ponds and lake margins.",,,
ssi,Poaceae,Phleum pratense,Phleum pratense,"Meadows, roadsides and farm fields.",,,
ssi,Poaceae,Poa annua,Poa annua,Disturbed and waste ground throughout.,,,
ssi,Poaceae,Poa bulbosa,Poa bulbosa,"Roaddsides, waste ground throughout.",,,
ssi,Poaceae,Poa compressa,Poa compressa,Roadside and waste ground throughout.,,,
ssi,Poaceae,Poa howellii,Poa howellii,"Shady forest roadsides, logging roads.",,,
ssi,Poaceae,Poa pratensis,Poa pratensis,"Lawn, roadside, fields, grassy bluffs.",,,
ssi,Poaceae,Poa secunda ssp. secunda,Poa secunda secunda,"Grassy bluffs, seaside cliffs; Recheck vouchers at V",,,
ssi,Poaceae,Poa trivialis,Poa trivialis,Alder bottoms and moist shady sites.,,,
ssi,Poaceae,Puccinellia distans,Puccinellia distans,TRA collection Booth Canal re-identified as P. nuttalliana,,,
ssi,Poaceae,Puccinellia nutkaensis,Puccinellia nutkaensis,TRA Beaver Point. ICS Harkema Farm at salt springs 1977.,,,
ssi,Poaceae,Puccinellia nuttalliana,Puccinellia nuttalliana,Salt marshes and mud flats.,,,
ssi,Poaceae,Puccinellia pumila,Puccinellia pumila,HJ Booth Canal. HJ Fulford 1979. ICS Fulford 1977.,,,
ssi,Poaceae,Schedonorus arundinaceus,Lolium arundinaceum,"Farm fields, meadows and roadsides.",,,
ssi,Poaceae,Secale cereale,Secale cereale,Introduced by Highways for road cut stabilization.,,,
ssi,Poaceae,Torreyochloa pallida var. pauciflora,Torreyochloa pallida pauciflora,"Standing water, ponds, wetlands.",,,
ssi,Poaceae,Trisetum canescens,Trisetum canescens,Open Fir forest throughout.,,,
ssi,Poaceae,Trisetum cernuum,Trisetum cernuum,"Alder woodlands, Fir-sword fern forest.",,,
ssi,Poaceae,Vulpia bromoides,Festuca bromoides,"Dry meadow, disturbed ground and roadsides",,,
ssi,Poaceae,Vulpia microstachys,Festuca microstachys,Roadsides and disturbed areas.,,,
ssi,Poaceae,Vulpia myuros,Festuca myuros,"Dry, rocky bluffs, roadsides and disturbed area.",,,
ssi,Polemoniaceae,Collomia grandiflora,Collomia grandiflora,TRA Beaver Point 1957. ICS Blackburn Lake; Fulford: area of lake; Ganges Road 1979.,,,
ssi,Polemoniaceae,Collomia heterophylla,Collomia heterophylla,"Open ground, dirt roads.",,,
ssi,Polemoniaceae,Leptosiphon bicolor,Leptosiphon bicolor,Open grassy bluffs and ridges.,,,
ssi,Polemoniaceae,Leptosiphon minimus,Leptosiphon minimus,"FL,GD,JP Mt Maxwell 2002.",,,
ssi,Polemoniaceae,Microsteris gracilis,Microsteris gracilis,"Open bluffs, grassy roadsides, dirt roads.",,,
ssi,Polemoniaceae,Navarretia squarrosa,Navarretia squarrosa,"Open ground, fields, and roadsides.",,,
ssi,Polygonaceae,Fallopia convolvulus,Fallopia convolvulus,"Gardens, waste ground, disturbed ground.",,,
ssi,Polygonaceae,Fallopia japonica,Reynoutria japonica,Thompson downtown Fulford 2020. iNaturalist report.,,,
ssi,Polygonaceae,Persicaria amphibia,Persicaria amphibia,"Ponds, wetlands, lake edges.",,,
ssi,Polygonaceae,Persicaria lapathifolia,Persicaria lapathifolia,"Disturbed ground, gardens.",,,
ssi,Polygonaceae,Persicaria maculosa,Persicaria maculosa,"Disturbed ground, gardens, wet meadows.",,,
ssi,Polygonaceae,Polygonum aviculare,Polygonum aviculare,"Open, waste places, hard-packed soil and disturbed cultivated land; a common and aggressive weed throughout;",,,
ssi,Polygonaceae,Polygonum douglasii,Polygonum douglasii,ICS report from Isabella Point. Check.,,,
ssi,Polygonaceae,Polygonum fowleri,Polygonum fowleri,"Beaches, salt marsh edges.",,,
ssi,Polygonaceae,Polygonum spergulariiforme,Polygonum spergulariiforme,"Bluffs, grassy rocky south facing slopes.",,,
ssi,Polygonaceae,Rumex acetosella,Rumex acetosella,"Grassy bluffs, roadside, cultivated and disturbed ground.",,,
ssi,Polygonaceae,Rumex conglomeratus,Rumex conglomeratus,"Disturbed ground, wetlands.",,,
ssi,Polygonaceae,Rumex crispus,Rumex crispus,"Gardens, cultivated ground.",,,
ssi,Polygonaceae,Rumex obtusifolius,Rumex obtusifolius,"Roadside, wet wasteland, gardens.",,,
ssi,Polygonaceae,Rumex occidentalis,Rumex occidentalis,Southy Point HJ. TRA Ganges 1956.,,,
ssi,Polygonaceae,Rumex salicifolius,Rumex salicifolius,"Beaches, driftwood.",,,
ssi,Polypodiaceae,Polypodium glycyrrhiza,Polypodium glycyrrhiza,"Shaded north slopes, mossy rocks, tree trunks; common throughout.",,,
ssi,Potamogetonaceae,Potamogeton amplifolius,Potamogeton amplifolius,Cushon Lake.,,,
ssi,Potamogetonaceae,Potamogeton berchtoldii,Potamogeton berchtoldii,"Bullock L., Weston L.",,,
ssi,Potamogetonaceae,Potamogeton crispus,Potamogeton crispus,"Shallow shore line, St. Mary's Lake.",,,
ssi,Potamogetonaceae,Potamogeton epihydrus,Potamogeton epihydrus,"Shallow shoreline, Maxwell Lake.",,,
ssi,Potamogetonaceae,Potamogeton foliosus,Potamogeton foliosus,50 cm deep standing water Bullocks Lake,,,
ssi,Potamogetonaceae,Potamogeton gramineus,Potamogeton gramineus,St. Mary's Lake.,,"""Potamogeton gramineus - Note says native to Europe, which is true, but it is also a native to N.A. including BC"" FL",
ssi,Potamogetonaceae,Potamogeton natans,Potamogeton natans,Shallow standing waters and lakes throughout.,,,
ssi,Potamogetonaceae,Potamogeton obtusifolius,Potamogeton obtusifolius,"Shoreline Maxwell Lake, St. Mary's Lake, Cusheon Lake.",,,
ssi,Potamogetonaceae,Potamogeton pusillus,Potamogeton pusillus,"PDW Weston Lake, St Mary Lake 1976.",,,
ssi,Potamogetonaceae,Potamogeton robbinsii,Potamogeton robbinsii,"Lakes including Weston, Ford, Cusheon and Roberts Lakes. Zika 2016 Blackburn Lake.",,,
ssi,Primulaceae,Dodecatheon hendersonii,Primula hendersonii,"TRA Fulford, HJ Mt Tuam, Mt Maxwell.",,,
ssi,Primulaceae,Dodecatheon pulchellum var. macrocarpum,Primula pauciflora macrocarpa,"TRA Fernwood 1958, RDB Mt Belcher 1971, Hardy Chain Islands 1949,",,,
ssi,Primulaceae,Hottonia palustris,Hottonia palustris,Yearsley pond near Cusheon Lake 2005. Thompson iNaturalist observation 2018 suggests that it is naturalizing. On Lomer & Penny's BC excluded list.,,,
ssi,Primulaceae,Lysimachia arvensis,Lysimachia arvensis,"Disturbed ground, often where water pools.",,,
ssi,Primulaceae,Lysimachia europaea,Lysimachia europaea,HJ Mt Bruce bogs,,,
ssi,Primulaceae,Lysimachia latifolia,Lysimachia latifolia,"Shady, open upland forest.",,,
ssi,Primulaceae,Lysimachia maritima,Lysimachia maritima,"Booth Canal HJ 1979, TRA date?",,,
ssi,Primulaceae,Lysimachia minima,Lysimachia minima,"FL Ruckle Park Light path, rocky headland through Douglas-fir and Garry oak with Montia fontana, Veronica peregrina, Plagiobothrys scouleri ; in bare dark muck where water collects 2002",,,
ssi,Primulaceae,Lysimachia thyrsiflora,Lysimachia thyrsiflora,St Mary's Lake TRA,,,
ssi,Pteridaceae,Adiantum aleuticum,Adiantum aleuticum,Shady stream valleys and waterfalls.,,,
ssi,Pteridaceae,Aspidotis densa,Aspidotis densa,"HJ Mt Maxwell 1985.Maxwell Point, section L330. Known nearby from Maple Bay. Thompson Channel Ridge iNaturalist report 2021.",,,
ssi,Pteridaceae,Cryptogramma acrostichoides,Cryptogramma acrostichoides,Arnell Park. details? Thompson Sir Echos Way iNaturalist report 2018.,,,
ssi,Pteridaceae,Pentagramma triangularis,Pentagramma triangularis,South facing rocky ledges.,,,
ssi,Ranunculaceae,Anemone lyallii,Anemonoides grayi,"ICS Mt Maxwell, HJ Mt Maxwell high north slope 1996.",,,
ssi,Ranunculaceae,Aquilegia formosa,Aquilegia formosa,"Shady disturbed forest, roadsides.",,,
ssi,Ranunculaceae,Aquilegia vulgaris,Aquilegia vulgaris,Persisting in old and abandoned gardens.,,,
ssi,Ranunculaceae,Clematis vitalba,Clematis vitalba,"RDB Beaver Point 1971, King Isabella Point 1958. TRA Fulford, Ganges.",,,
ssi,Ranunculaceae,Delphinium ajacis,Consolida ajacis,Escaping into waste areas. No collections.,,,
ssi,Ranunculaceae,Delphinium menziesii,Delphinium menziesii,"Coastal bluffs, grassy meadows, and wooded dry places. TRA Mouat Point, Ganges",,,
ssi,Ranunculaceae,Myosurus minimus,Myosurus minimus,TRA Beaver Point date?,,,
ssi,Ranunculaceae,Ranunculus × heimburgerae,NA,Hardy Deadman Islands 1949.,not in FPNW2,,
ssi,Ranunculaceae,Ranunculus acris,Ranunculus acris,Roadsides and meadows.,,,
ssi,Ranunculaceae,Ranunculus aquatilis,Ranunculus aquatilis,"Lakes and Ponds. TRA Beaver Point, Booth Canal.",,,
ssi,Ranunculaceae,Ranunculus bulbosus,Ranunculus bulbosus,"Luft Fraser Rd 2020 iNaturalist report, Cricket Farm iNaturalist report 2019.",,,
ssi,Ranunculaceae,Ranunculus flammula,Ranunculus flammula,Lake shores and standing water at fen edges. TRA St Marys Lake 1958,,,
ssi,Ranunculaceae,Ranunculus occidentalis var. occidentalis,Ranunculus occidentalis occidentalis,"Ridges, forest edges, dry meadows.",,,
ssi,Ranunculaceae,Ranunculus orthorhynchus,Ranunculus orthorhynchus,TRA Fernwood,,,
ssi,Ranunculaceae,Ranunculus repens,Ranunculus repens,"Moist areas, meadows, lawns.",,,
ssi,Ranunculaceae,Ranunculus sardous,Ranunculus sardous,RDB collections various locations.,,,
ssi,Ranunculaceae,Ranunculus uncinatus,Ranunculus uncinatus,"Wet meadow, logging roads, wetland edges.",,,
ssi,Ranunculaceae,Thalictrum occidentale,Thalictrum occidentale,MCM Beaver Point 1961.,,,
ssi,Rhamnaceae,Ceanothus sanguineus,Ceanothus sanguineus,HJ Mt Erskine 1980.,,,
ssi,Rhamnaceae,Frangula purshiana,Frangula purshiana,Forest understory and margins.,,,
ssi,Rosaceae,Amelanchier alnifolia,Amelanchier alnifolia semiintegrifolia,"Open woods, hillsides, and roadsides; common throughout.",,,
ssi,Rosaceae,Aphanes arvensis,Alchemilla arvensis,FL Vesuvius Bay 1996,,,
ssi,Rosaceae,Aphanes occidentalis,Alchemilla arvensis,"Open, dry ground; TRA Beaver Point 1957. FL Vesuvius 1996.",,,
ssi,Rosaceae,Comarum palustre,Comarum palustre,"Lake margins, Bogs. TRA St Marys Lake 1955, HJ Mt Bruce 1979.",,,
ssi,Rosaceae,Crataegus douglasii,Crataegus douglasii,"Coastal bluffs, meadow lands, open forests, and thickets; rare.",,,
ssi,Rosaceae,Crataegus monogyna,Crataegus monogyna,Escapee from cultivation and established.,,,
ssi,Rosaceae,Drymocallis glandulosa,Drymocallis glandulosa,"Base of Mt Maxwell cliffs, HJ 1996.",,,
ssi,Rosaceae,Fragaria ananassa,Fragaria × ananassa,TRA Fernwood 1955.,,,
ssi,Rosaceae,Fragaria chiloensis,Fragaria chiloensis,HJ Mt Maxwell 1982. TRA Fernwood.,,,
ssi,Rosaceae,Fragaria vesca ssp. californica,Fragaria vesca californica,"Wooded areas, streambanks, and open grassland; common throughout.",,,
ssi,Rosaceae,Fragaria virginiana ssp. glauca,Fragaria virginiana glauca,"HJ Isabella Islets 1996, ICS Mt Maxwell, TRA Fernwood.",,,
ssi,Rosaceae,Geum macrophyllum,Geum macrophyllum,"Moist, shady ground; widely distributed throughout.",,,
ssi,Rosaceae,Holodiscus discolor var. discolor,Holodiscus discolor discolor,"Mesic forest, roadsides.",,,
ssi,Rosaceae,Malus fusca,Malus fusca,"Moist woods, banks, and margins of lakes.",,,
ssi,Rosaceae,Oemleria cerasiformis,Oemleria cerasiformis,"Open woods, roadsides; common throughout.",,,
ssi,Rosaceae,Physocarpus capitatus,Physocarpus capitatus,"Moist woods, streambanks and lake margins.",,,
ssi,Rosaceae,Potentilla anglica,Potentilla anglica,FL Fulford-Ganges Road grassy roadside along ditch 2010.,,,
ssi,Rosaceae,Potentilla anserina ssp. pacifica,Argentina pacifica,"Mud flats, wet meadowland, margins of ponds and streams.",,,
ssi,Rosaceae,Potentilla gracilis var. gracilis,Potentilla gracilis gracilis,ICS Beaver Point - observed there HJ 1996.,,,
ssi,Rosaceae,Potentilla norvegica,Potentilla norvegica,ICS collection location?,,,
ssi,Rosaceae,Poterium sanguisorba,Sanguisorba minor,"Waste places, disturbed ground.",,,
ssi,Rosaceae,Prunus cerasifera,Prunus cerasifera,Straley Vesuvius Ferry Dock 1989.,,,
ssi,Rosaceae,Prunus domestica,Prunus domestica,iNaturalist report Long Harbour Rd 2019.,,,
ssi,Rosaceae,Prunus emarginata,Prunus emarginata,"Moist, northern slope forest.",,,
ssi,Rosaceae,Prunus lusitanica,Prunus lusitanica,RDB Beddis Rd 1971.,,,
ssi,Rosaceae,Prunus virginiana,Prunus virginiana,"TRA Fulford, CFN 1930, AC Mt Maxwell 1970.",,,
ssi,Rosaceae,Rosa canina,Rosa canina,"Zika Southey Point In hayfield, damp ground, full sun 2003. TRA, ICS locations?",,,
ssi,Rosaceae,Rosa gymnocarpa,Rosa gymnocarpa,Mesic forest throughout.,,,
ssi,Rosaceae,Rosa nutkana,Rosa nutkana,"Wetland edges, shoreline wet spots.",,,
ssi,Rosaceae,Rosa pisocarpa,Rosa pisocarpa,location? collector?,,,
ssi,Rosaceae,Rosa rubiginosa,Rosa rubiginosa,"Farm fields, hedgerows.",,,
ssi,Rosaceae,Rubus armeniacus,Rubus armeniacus,Question if can be separated from bifrons-discolor.,,,
ssi,Rosaceae,Rubus bifrons,Rubus bifrons,"Farm fields, meadow, disturbed forest.",,,
ssi,Rosaceae,Rubus laciniatus,Rubus laciniatus,TRA Fulford,,,
ssi,Rosaceae,Rubus leucodermis,Rubus leucodermis,"Disturbed forest, forest edges.",,,
ssi,Rosaceae,Rubus nutkanus,Rubus parviflorus,"Damp, shady woods.",,,
ssi,Rosaceae,Rubus spectabilis,Rubus spectabilis,"Borders of woods and open to wooded, moist areas.",,,
ssi,Rosaceae,Rubus ursinus,Rubus ursinus,"Farm fields, meadow, disturbed forest.",,,
ssi,Rosaceae,Sorbus aucuparia,Sorbus aucuparia,"Occasional escapee from cultivation. Farm fields, settled areas",,,
ssi,Rosaceae,Spiraea douglasii,Spiraea douglasii,"Swamps, bogs, lake margins, and wet, swampy places.",,,
ssi,Rubiaceae,Galium aparine,Galium aparine,"Lowland disturbed forest, woodland.",,,
ssi,Rubiaceae,Galium mollugo,Galium mollugo,HJ edge of field near Ganges 1980.,,,
ssi,Rubiaceae,Galium odoratum,Galium odoratum,"FL Grassy roadside, under shrubby border, planted with trees along seashore Fulford 1996.",,,
ssi,Rubiaceae,Galium trifidum,Galium trifidum,"Fens, ponds, quiet standing water.",,,
ssi,Rubiaceae,Galium triflorum,Galium triflorum,Open mesic forest.,,,
ssi,Rubiaceae,Sherardia arvensis,Sherardia arvensis,"Waste ground, lawns, roadside, also open, grassy bluffs.",,,
ssi,Salicaceae,Populus alba,Populus alba,A&OC Musgrave Rd 1999.,,,
ssi,Salicaceae,Populus tremuloides,Populus tremuloides,"Occasional dry ridges, shoreline benchs.",,,
ssi,Salicaceae,Populus trichocarpa,Populus trichocarpa,Occasional near wetlands.,,,
ssi,Salicaceae,Salix fragilis,Salix × fragilis,RDB Weston Lake 1971,,,
ssi,Salicaceae,Salix geyeriana,Salix geyeriana,TRA Ganges 1957 TCB re-identifed as S. scouleriana. HJ possible in sphagnum lake below Mt Bruce.,,,
ssi,Salicaceae,Salix hookeriana,Salix hookeriana,"Rocky bluffs near salt water and other maritime habitat. TRA Cusheon Lake, Robert's Lake",,,
ssi,Salicaceae,Salix lasiandra,Salix lasiandra,"Along banks, wet swales and margins of lakes.",,,
ssi,Salicaceae,Salix scouleriana,Salix scouleriana,"Lowland forest, along streams and wet places.",,,
ssi,Salicaceae,Salix sitchensis,Salix sitchensis,Ripparian and lake shores. RDB Weston Lake 1971.,,,
ssi,Sapindaceae,Acer glabrum var. douglasii,Acer glabrum douglasii,"Moist woods, rocky slopes, shores.",,,
ssi,Sapindaceae,Acer macrophyllum,Acer macrophyllum,"On edges of coniferous forest, damp woods, shoreline slopes.",,,
ssi,Saxifragaceae,Heuchera micrantha var. diversifolia,Heuchera micrantha diversifolia,"Moist, rocky slopes, crevices.",,,
ssi,Saxifragaceae,Lithophragma glabrum,Lithophragma glabrum,"Exposed, grassy bluffs.",,,
ssi,Saxifragaceae,Lithophragma parviflorum,Lithophragma parviflorum,"Open, rocky places and rocky outcrops.",,,
ssi,Saxifragaceae,Micranthes ferruginea,Micranthes ferruginea,"ICS location ? A&OC have it at Graves Point, Crofton.",,,
ssi,Saxifragaceae,Micranthes integrifolia,Micranthes integrifolia,Grassy bluffs with seepage.,,,
ssi,Saxifragaceae,Micranthes rufidula,Micranthes rufidula,HJ Mt Maxwell ER #37 1996 Abundant in seepy meadows Erskine Point 1998.,,,
ssi,Saxifragaceae,Pectiantia ovalis,Brewerimitella ovalis,"Steep creek canyons, north slope of Mt Bruce.",,,
ssi,Saxifragaceae,Saxifraga cespitosa,Saxifraga cespitosa,"Steep, shaded rocky slopes with seepage.",,,
ssi,Saxifragaceae,Tellima grandiflora,Tellima grandiflora,"Damp, shady woods, valley bottoms, throughout.",,,
ssi,Saxifragaceae,Tiarella trifoliata var. laciniata,Tiarella trifoliata laciniata,"Wet lowland forest, stream valleys.",,,
ssi,Saxifragaceae,Tiarella trifoliata var. trifoliata,Tiarella trifoliata trifoliata,"Wet lowland forest, stream valleys.",,,
ssi,Scrophulariaceae,Buddleja davidii,Buddleja davidii,HJ Fulford 1979,,,
ssi,Scrophulariaceae,Verbascum thapsus,Verbascum thapsus,roadsides and waste places; spreading onto grassy bluffs.,,,
ssi,Selaginellaceae,Selaginella wallacei,Selaginella wallacei,Exposed rocky bluffs and slopes; common throughout.,,,
ssi,Solanaceae,Datura stramonium,Datura stramonium,HJ Waste ground Fulford Valley,,,
ssi,Solanaceae,Solanum dulcamara,Solanum dulcamara,"Fen, wetland edges. TRA Bullocks Lake date?",,,
ssi,Solanaceae,Solanum nigrum,Solanum nigrum,Waste ground.,,,
ssi,Solanaceae,Solanum physalifolium var. nitidibaccatum,Solanum physalifolium nitidibaccatum,"Disturbed ground, roadsides.",,,
ssi,Taxaceae,Taxus brevifolia,Taxus brevifolia,Occasional throughout mesic forest.,,,
ssi,Thymelaeaceae,Daphne laureola,Daphne laureola,Spreading into mesic forest,,,
ssi,Tofieldiaceae,Triantha glutinosa,Triantha glutinosa,TRA Cranberry Bog 1957. (E-Flora map shows record incorrectly near Port Townsend).,,,
ssi,Typhaceae,Sparganium angustifolium,Sparganium angustifolium,"Weston Lake, Warrington 1976.",,,
ssi,Typhaceae,Sparganium emersum,Sparganium emersum,"Quiet water, lakes and ponds.",,,
ssi,Typhaceae,Typha latifolia,Typha latifolia,"Shallow standing water, fens, lakes and ponds",,,
ssi,Urticaceae,Urtica dioica,Urtica dioica,Moist ground in wooded or shady areas; common throughout.,,,
ssi,Viburnaceae,Sambucus cerulea,Sambucus cerulea,"TRA St Marys Lake, ICS south side of Mt Bruce dates?",,,
ssi,Viburnaceae,Sambucus racemosa var. arborescens,Sambucus racemosa arborescens,"Open woods, thickets, along the roadsides and edges of woods.",,,
ssi,Viburnaceae,Viburnum edule,Viburnum edule,location? Collector?,,,
ssi,Violaceae,Viola adunca,Viola adunca,Calder Mt Maxwell 1961. HJ Isabella Point no coll.,,,
ssi,Violaceae,Viola glabella,Viola glabella,Moist woods and along streams.,,,
ssi,Violaceae,Viola howellii,Viola howellii,GD North End Road date? ICS North End Road 1977,,,
ssi,Violaceae,Viola langsdorffii,Viola langsdorffii,HJ Ford Lake 1999 in sedge fen drainage channel and Phalaris arundinaceae flood plain of lake with Carex obnupta.,,,
ssi,Violaceae,Viola nuttallii var. praemorsa,Viola nuttallii praemorsa,HJ Mt Tuam grassy south ridge 1980. HLR same 1995. Mt Maxwell 1985,,,
ssi,Violaceae,Viola palustris,Viola palustris,"Fens, bogs and swampy meadows.",,,
ssi,Violaceae,Viola sempervirens,Viola sempervirens,Open upland forest.,,,
ssi,Woodsiaceae,Woodsia scopulina,Woodsia scopulina,"Rare, south slopes of Mt Maxwell HJ l985. Lomer,Douglas and Penny Mt Erskine 2002.",,,
ssi,Zosteraceae,Zostera marina,Zostera marina,Common throughout shallow sandy bays and shorelines.,,,