taxon,found
Metridium senile,no record
Balanophyllia elegans,no record
Ptilosarcus gurneyi,no record
Serpula columbiana,no record
Dodecaceria fewkesi,no record
Eudistylia vancouveri,no record
Schizobranchia insignis,no record
Chlamys,no record
Crassadoma gigantea,no record
Diodora aspera,no record
Nucella lamellosa,no record
Peltodoris nobilis,no record
Doris montereyensis,no record
Dendronotus iris,no record
Dirona albolineata,no record
Hermissenda crassicornis,no record
Scyra acutifrons,no record
Phyllolithodes papillosus,no record
Pagurus armatus,no record
Balanus nubilus,no record
Pisaster ochraceus,no record
Pisaster brevispinus,no record
Evasterias troschelii,no record
Orthasterias koehleri,no record
Dermasterias imbricata,no record
Henricia aspera aspera,no record
Pycnopodia helianthoides,no record
Crossaster papposus,no record
Solaster dawsoni,no record
Solaster stimpsoni,no record
Mesocentrotus franciscanus,no record
Apostichopus californicus,no record
Cucumaria miniata,no record
Corella willmeriana,no record
Ascidia paratropa,no record
Cnemidocarpa finmarkiensis,no record
Rhinogobiops nicholsii,no record
Sebastes caurinus,no record
Artedius harringtoni,no record
Jordania zonope,no record
Clathria pennata,no record
Abietinaria,no record
Aequorea,no record
Aurelia labiata,no record
Pachycerianthus fimbriatus,no record
Anthopleura artemisia,no record
Urticina clandestina,no record
Metridium farcimen,no record
Thelepus,no record
Pileolaria,no record
Tonicella insignis,no record
Tonicella lineata,no record
Mopalia,no record
Cryptochiton stelleri,no record
Euspira pallida,no record
Ceratostoma foliatum,no record
Cadlina luteomarginata,no record
Diaulula odonoghuei,no record
Dendronotus rufus,no record
Armina californica,no record
Coryphella verrucosa,no record
Pododesmus macrochisma,no record
Tresus capax,no record
Enteroctopus dofleini,no record
Balanus glandula,no record
Chromopleustes oculatus,no record
Pandalus danae,no record
Pagurus beringanus,no record
Pugettia producta,no record
Pugettia gracilis,no record
Glebocarcinus oregonensis,no record
Crisia,no record
Membranipora villosa,no record
Schizoporella japonica,no record
Florometra serratissima,no record
Perophora annectens,no record
Metandrocarpa taylori,no record
Styela gibbsii,no record
Boltenia villosa,no record
Halocynthia igaboja,no record
Pyura haustor,no record
Didemnum carnulentum,no record
Aulorhynchus flavidus,no record
Apodichthys flavidus,no record
Rhacochilus vacca,no record
Cymatogaster aggregata,no record
Brachyistius frenatus,no record
Sebastes maliger,no record
Hexagrammos stelleri,no record
Oxylebius pictus,no record
Sycon,no record
Cliona californiana,no record
Halichondria bowerbanki,no record
Haliclona,no record
Virgularia,no record
Lafoea dumosa,no record
Cyanea ferruginea,no record
Clytia gregaria,no record
Diopatra ornata,no record
Chone aurantiaca,no record
Pectinariidae,no record
Spiochaetopterus costarum,no record
Terebratalia transversa,no record
Mopalia vespertina,no record
Lepidozona mertensii,no record
Bankia setacea,no record
Gastropteron pacificum,no record
Geitodoris heathi,no record
Acanthodoris nanaimoensis,no record
Heptacarpus kincaidi,no record
Heptacarpus tridens,no record
Pandalus stenolepis,no record
Metacarcinus gracilis,no record
Petrolisthes eriomerus,no record
Lopholithodes mandtii,no record
Cryptolithodes sitchensis,no record
Pagurus kennerlyi,no record
Mediaster aequalis,no record
Luidia foliolata,no record
Ophiura sarsii,no record
Ophiura luetkenii,no record
Eupentacta quinquesemita,no record
Psolus chitonoides,no record
Didemnum,no record
Sebastes emphaeus,no record
Asemichthys taylori,no record
Rhamphocottus richardsonii,no record
Lepidopsetta bilineata,no record
Pleuronichthys coenosus,no record
Mycale adhaerens,no record
Thuiaria,no record
Arctonoe fragilis,no record
Arctonoe pulchra,no record
Myxicola infundibulum,no record
Pista elongata,no record
Bugulina californica,no record
Diaperoforma californica,no record
Chlamys hastata,no record
Saxidomus gigantea,no record
Acmaea mitra,no record
Paciocinebrina lurida,no record
Calliostoma ligatum,no record
Telmessus cheiragonus,no record
Oregonia gracilis,no record
Pteraster tesselatus,no record
Henricia leviuscula,no record
Halocynthia aurantium,no record
Chelyosoma productum,no record
Cystodytes lobatus,no record
Pholis laeta,no record
Sebastes auriculatus,no record
Enophrys bison,no record
Leucilla nuttingi,no record
Urticina grebelnyi,no record
Plumularia,no record
Obelia,no record
Bolinopsis infundibulum,no record
Macoma,no record
Gari californica,no record
Mya truncata,no record
Mytilimeria nuttalli,no record
Neverita lewisii,no record
Acanthodoris hudsoni,no record
Tritonia exsulans,no record
Triglops macellus,no record
Epizoanthus scotinus,no record
Dendrobeania murrayana,no record
Entodesma navicula,no record
Acantholithodes hispidus,no record
Pyura mirabilis,no record
Chirolophis nugator,no record
Artedius fenestralis,no record
Hemilepidotus hemilepidotus,no record
Plumularia setacea,no record
Tubulanus sexlineatus,no record
Mopalia lignosa,no record
Clinocardium nuttallii,no record
Triopha modesta,no record
Pagurus ochotensis,no record
Cucumaria pallida,no record
Cucumaria piperata,no record
Corella inflata,no record
Citharichthys stigmaeus,no record
Haminoea vesicula,no record
Knoutsodonta jannae,no record
Rostanga pulchra,no record
Himatina trophina,no record
Primavelans insculpta,no record
Ronquilus jordani,no record
Sebastes flavidus,no record
Eutonina indicans,no record
Pleurobrachia bachei,no record
Marsenina stearnsii,no record
Lophopanopeus bellus,no record
Aglaja ocelligera,no record
Craniella villosa,no record
Cadlina klasmalmbergi,no record
Tritonia festiva,no record
Liparis pulchellus,no record
Phacellophora camtschatica,no record
Polyorchis penicillatus,no record
Dendronotus venustus,no record
Aeolidia loui,no record
Melibe leonina,no record
Antiopella fusca,no record
Dendronotus albopunctatus,no record
Ophiopholis kennerlyi,no record
Aldisa sanguinea,no record
Anthopleura elegantissima,no record
Porichthys notatus,no record
Nautichthys oculofasciatus,no record
Berthella chacei,no record
Gonionemus vertens,no record
Neoturris breviconis,no record
Diaphorodoris lirulatocauda,no record
Palio zosterae,no record
Doris odhneri,no record
Phyllaplysia taylori,no record
Hemigrapsus oregonensis,no record
Pagurus granosimanus,no record
Gasterosteus aculeatus,no record
Ammodytes personatus,no record
Eurylepta leoparda,no record
Tonicella undocaerulea,no record
Psychrolutes sigalutes,no record
Nanomia bijuga,no record
Stomotoca atra,no record
Euphysa,no record
Onchidoris bilamellata,no record
Pentidotea resecata,no record
Corella,no record
Aequorea victoria,no record
Anoplarchus purpurescens,no record
Odontopyxis trispinosa,no record
Lumpenus sagitta,no record
Margarites pupillus,no record
Tubulanus polymorphus,no record
Clevelandia ios,no record
Oligocottus maculosus,no record
Alia carinata,no record
Myxicola,no record
Heptacarpus brevirostris,no record
Heptacarpus sitchensis,no record
Gadus macrocephalus,no record
Dendraster excentricus,no record
Melanochlamys diomedea,no record
Syngnathus leptorhynchus,no record
Crangon nigricauda,no record
Heptacarpus stylus,no record
Aeolidia papillosa,no record
Myoxocephalus polyacanthocephalus,no record
Oxydromus pugettensis,no record
Neostylidium eschrichtii,no record
Orienthella trilineata,no record
Eubranchus rustyus,no record
Mitrocoma cellularia,no record
Chthamalus dalli,no record
Beroe abyssicola,no record
Mopalia muscosa,no record
Cadlina modesta,no record
Emplectonema gracile,no record
Catablema vesicarium nodulosum,no record
Rana aurora,no record
Taricha granulosa,no record
Monotropa uniflora,no record
Typha angustifolia,no record
Brodiaea coronaria,no record
Hieracium albiflorum,no record
Lathyrus nevadensis,no record
Stachys chamissonis cooleyae,no record
Prunella vulgaris vulgaris,no record
Papilio eurymedon,no record
Libellula forensis,no record
Tiarella trifoliata,no record
Achlys triphylla,no record
Lapsana communis,no record
Philaenus spumarius,no record
Vicia hirsuta,no record
Filago germanica,no record
Geum macrophyllum,no record
Eleocharis palustris,no record
Plantago lanceolata,no record
Juncus bolanderi,no record
Potamogeton amplifolius,no record
Lemna trisulca,no record
Veronica scutellata,no record
Nuphar polysepala,no record
Vicia americana,no record
Salix sitchensis,no record
Anaphalis margaritacea,no record
Oenanthe sarmentosa,no record
Dactylis glomerata,no record
Holcus lanatus,no record
Veronica americana,no record
Ischnura cervula,no record
Platanthera transversa,no record
Lonicera hispidula,no record
Paxistima myrsinites,no record
Amelanchier alnifolia semiintegrifolia,no record
Heuchera micrantha,no record
Platanthera elongata,no record
Castilleja hispida,no record
Vicia villosa,no record
Sonchus arvensis arvensis,no record
Spirodela polyrhiza,no record
Ricciocarpos natans,no record
Rubus armeniacus,no name
Crepis capillaris,no record
Sorbus aucuparia,no record
Misumena vatia,no record
Accipiter cooperii,no record
Contopus cooperi,no record
Aythya collaris,no record
Claytonia sibirica,no record
Rhytidiadelphus loreus,no record
Kindbergia oregana,no record
Hypnum circinale,no record
Prunella vulgaris,no record
Micrasterias rotata,no record
Usnea glabrescens,no record
Pseudacris regilla,no record
Micranthes integrifolia,no record
Aphyllon purpureum,no record
Plectritis congesta,no record
Geranium robertianum,no record
Lobaria pulmonaria,no record
Lysimachia latifolia,no record
Sedum spathulifolium,no record
Claytonia perfoliata,no record
Sanicula crassicaulis,no record
Cerastium arvense,no record
Parmelia saxatilis,no record
Physcia tenella,no record
Physcia caesia,no record
Sonchus oleraceus,no record
Aulacomnium androgynum,no record
Moehringia macrophylla,no record
Polytrichum juniperinum,no record
Elgaria coerulea,no record
Geranium carolinianum,no record
Lamium purpureum,no record
Anthoxanthum odoratum,no record
Aira caryophyllea,no record
Symphoricarpos albus laevigatus,no record
Hylocomiadelphus triquetrus,no record
Nemophila parviflora,no record
Pseudotsuga menziesii menziesii,no record
Leucolepis acanthoneura,no record
Setophaga coronata,no record
Sarcodiotheca gaudichaudii,no record
Megaceryle alcyon,no record
Ulva intestinalis,no record
Epipactis helleborine,no record
Toxomerus occidentalis,no record
Closterium ehrenbergii,no record
Dicranoweisia cirrata,no record
Turdus migratorius,no record
Corvus corax,no record
Branta canadensis,no record
Bellis perennis,no record
Ixodes pacificus,no record
Spergula arvensis,no record
Dolichovespula arenaria,no record
Bombus flavifrons,no record
Anthocharis julia flora,no record
Ajuga reptans,no record
Agapostemon texanus,no record
Pieris rapae,no record
Bombus melanopygus,no record
Spinus tristis,no record
Trifolium subterraneum,no record
Trifolium repens,no name
Trifolium pratense,no name
Troglodytes pacificus,no record
Pipilo maculatus,no record
Tachycineta bicolor,no record
Myosotis laxa,no record
Ranunculus repens,no record
Lophocampa argentata,no record
Protodeltote albidula,no record
Iris pseudacorus,no record
Cytisus scoparius,no record
Leucanthemum vulgare,no record
Hesperis matronalis,no record
Vicia sativa,no record
Anisocarpus madioides,no record
Centaurea cyanus,no record
Thamnophis ordinoides,no record
Papilio rutulus,no record
Vireo cassinii,no record
Polygonia satyrus,no record
Vicia cracca,no record
Sonchus asper,no record
Navarretia squarrosa,no record
Gnaphalium uliginosum,no record
Strymon melinus,no record
Epilobium ciliatum,no record
Malva moschata,no record
Hypericum perforatum,no record
Haliaeetus leucocephalus,no record
Veronica serpyllifolia,no record
Stellaria borealis sitchana,no record
Monadenia fidelis,no record
Ochlodes sylvanoides,no record
Campaea perlata,no record
Trifolium hybridum,no record
Salix hookeriana,no record
Erynnis propertius,no record
Muscari armeniacum,no record
Lepiota magnispora,no record
Helvella vespertina,no record
Draba verna,no record
Montia fontana,no record
Cardamine hirsuta,no record
Capsella bursa-pastoris,no record
Senecio vulgaris,no record
Erythronium oregonum,no record
Melospiza melodia,no record
Pachydiplax longipennis,no record
Ischnura perparva,no record
Porella navicularis,no record
Plagiothecium undulatum,no record
Vaccinium ovatum,no record
Podiceps auritus,no record
Megachile perihirta,no record
Bucephala albeola,no record
Sphyrapicus ruber,no record
Peltigera collina,no record
Bucephala islandica,no record
Bombus vosnesenskii,no record
Lecidella asema,no record
Toxicoscordion venenosum,no record
Erythranthe nasuta,no record
Cardamine nuttallii,no record
Libellula quadrimaculata,no record
Thamnophis sirtalis,no record
Sargassum muticum,no record
Venusia,no record
Amanita pantherina,no record
Pyropia perforata,no record
Hildenbrandia rubra,no record
Acrosiphonia coalita,no record
Callithamnion acutum,no record
Monostroma grevillei,no record
Saccharina latissima,no record
Ceramium gardneri,no record
Wildemania occidentalis,no record
Leathesia marina,no record
Odonthalia floccosa,no record
Melanosiphon intestinalis,no record
Pterothamnion pectinatum,no record
Agelaius phoeniceus,no record
Dolichovespula norvegicoides,no record
Juncus tenuis,no record
Juncus effusus effusus,no record
Osmorhiza berteroi,no record
Atriplex patula,no record
Cakile maritima,no record
Sympetrum pallipes,no record
Limenitis lorquini,no record
Usnea pacificana,no record
Racomitrium varium,no record
Tachycineta thalassina,no record
Sedum album,no record
Pyrrharctia isabella,no record
Laccaria laccata,no record
Clarkia amoena,no record
Veronica arvensis,no record
Silene coronaria,no record
Cynosurus echinatus,no record
Progne subis,no record
Equisetum telmateia braunii,no record
Progne subis arboricola,no record
Calypte anna,no record
Solanum americanum,no record
Scytinium polycarpum,no record
Tamiasciurus hudsonicus,no record
Rubus bifrons,no record
Hylocomium splendens,no record
Plagiomnium insigne,no record
Plagiomnium venustum,no record
Trametes versicolor,no record
Pentagramma triangularis,no record
Noctua pronuba,no record
Collinsia grandiflora,no record
Latrodectus hesperus,no record
Evernia prunastri,no record
Erythranthe alsinoides,no record
Tellima grandiflora,no record
Anemonoides blanda,no record
Vinca minor,no record
Mesoleuca gratulata,no record
Desmarestia viridis,no record
Chondracanthus exasperatus,no record
Halosaccion glandiforme,no record
Meliscaeva cinctella,no record
Neotrypaea californiensis,no record
Kopsiopsis hookeri,no record
Hydrolagus colliei,no record
Cryptoporus volvatus,no record
Scaphinotus angusticollis,no record
Linnaea borealis,no record
Certhia americana,no record
Dryobates villosus,no record
Trifolium dubium,no record
Cathartes aura,no record
Haematopus bachmani,no record
Sarcomyxa serotina,no record
Phaeotremella foliacea,no record
Lichenomphalia umbellifera,no record
Chondrostereum purpureum,no record
Mopalia hindsii,no record
